﻿<?xml version="1.0" encoding="UTF-8"?>
<window id="20">
  <defaultcontrol always="true">50</defaultcontrol>
  <allowoverlay>no</allowoverlay>
  <onload condition="!Skin.HasSetting(FirstRun) + !Skin.HasSetting(FusionHelp)">ActivateWindow(1122)</onload>
  <controls>
    <control type="group" description="Slider and List">
      <include>SlimListItemCount</include>
      <posx>1020</posx>
      <posy>147</posy>
      <include>SlimListSlider</include>
      <control type="fixedlist" id="50">
        <posx>0</posx>
        <posy>0</posy>
        <width>802</width>
        <height>891</height>
        <onleft>9000</onleft>
        <onright condition="Skin.HasSetting(Scrollbars_Active)">60</onright>
        <onright condition="!Skin.HasSetting(Scrollbars_Active)">9000</onright>
        <onup>50</onup>
        <ondown>50</ondown>
        <pagecontrol>60</pagecontrol>
        <viewtype label="50_">List</viewtype>
        <focusposition>5</focusposition>
        <movement>5</movement>
        <preloaditems>4</preloaditems>
        <scrolltime tween="sine" easing="inout">280</scrolltime>
        <itemlayout width="802" height="81">
          <include>ArrowNF</include>
          <control type="label" description="Main Label">
            <width max="720">auto</width>
            <include>52MainLabel</include>
            <label>$INFO[ListItem.Label]</label>
          </control>
          <control type="label" description="Label2">
            <visible>!ListItem.IsFolder</visible>
            <posx>45r</posx>
            <posy>0</posy>
            <height>81</height>
            <width>300</width>
            <align>right</align>
            <font>size27</font>
            <scroll>false</scroll>
            <textcolor>Grey</textcolor>
            <label>$INFO[ListItem.Label2]</label>
          </control>
        </itemlayout>
        <focusedlayout width="802" height="81">
          <include>ArrowFO</include>
          <control type="label" description="Main Label">
            <width max="720">auto</width>
            <include>52MainLabelFO</include>
            <label>$INFO[ListItem.Label]</label>
          </control>
          <control type="label" description="Label2">
            <visible>!ListItem.IsFolder</visible>
            <animation effect="fade" time="300" start="50" end="100" delay="100">Focus</animation>
            <posx>45r</posx>
            <posy>0</posy>
            <height>81</height>
            <width>300</width>
            <align>right</align>
            <font>size27</font>
            <textcolor>White2</textcolor>
            <label>$INFO[ListItem.Label2]</label>
          </control>
        </focusedlayout>
      </control>
    </control>
    <include>ListFade</include>
    <control type="scrollbar" id="60">
      <posx>51r</posx>
      <posy>147</posy>
      <height>882</height>
      <onleft>50</onleft>
      <onright>-</onright>
    </control>
    <include>WindowsTopInfos</include>
    
    <include>Left_Panel_Addons</include>
    <control type="group" description="Side menu 9000 group">
      <visible allowhiddenfocus="true">ControlGroup(9000).HasFocus()</visible>
      <include>DialogOpenCloseVisible</include>
      <control type="image" description="List back">
        <posx>459</posx>
        <posy>168</posy>
        <width>1002</width>
        <height>687</height>
        <aspectratio>stretch</aspectratio>
        <texture border="150">images/Dialog.png</texture>
      </control>
      <control type="grouplist" id="9000">
        <include>DialogGLs</include>
        <control type="button" id="3" description="Sort">
          <include>DialogButt</include>
        </control>
        <control type="togglebutton" id="5" description="Updates">
          <include>DialogButt</include>
          <label>$LOCALIZE[24063]: $LOCALIZE[1223]</label>
          <altlabel>$LOCALIZE[24063]: $LOCALIZE[305]</altlabel>
        </control>
        <control type="togglebutton" id="6" description="Notifications">
          <include>DialogButt</include>
          <label>$LOCALIZE[25000]: $LOCALIZE[1223]</label>
          <altlabel>$LOCALIZE[25000]: $LOCALIZE[305]</altlabel>
        </control>
        <control type="togglebutton" id="699" description="Playing">
          <enable>Player.HasMedia</enable>
          <include>DialogButt</include>
          <label>$LOCALIZE[16003]</label>
          <altlabel>$LOCALIZE[31055]</altlabel>
          <usealttexture>Player.HasMedia</usealttexture>
          <onclick>fullscreen</onclick>
          <altclick>fullscreen</altclick>
          <animation effect="fade" start="100" end="60" time="100" condition="!Player.HasMedia">Conditional</animation>
        </control>
      </control>
    </control>
  </controls>
</window>