<?xml version="1.0" encoding="UTF-8"?>
<includes>
  <include name="Scrollanim">
    <animation condition="Control.HasFocus(60)" effect="fade" start="100" end="0" time="250" reversible="true">Conditional</animation>
  </include>
  <include name="Keyboardbuttons">
    <width>152</width>
    <height>40</height>
    <texturenofocus>keyb/plain.png</texturenofocus>
    <texturefocus>keyb/selected.png</texturefocus>
    <alttexturenofocus>keyb/plainalt.png</alttexturenofocus>
    <alttexturefocus>keyb/selectedalt.png</alttexturefocus>
    <align>center</align>
    <aligny>center</aligny>
    <font>size27</font>
  </include>
  <include name="left_Panel">
    <control type="group" description="Thumbs no info">
      <posx>180</posx>
      <posy>180</posy>
      <visible>IsEmpty(ListItem.Plot)</visible>
      <animation effect="fade" delay="100" time="300">Visible</animation>
      <animation effect="fade" time="0">Hidden</animation>
      <control type="image" description="Thumb">
        <posx>0</posx>
        <width>621</width>
        <height>720</height>
        <include>Icon_Fade</include>
        <texture diffuse="images/Diffuse.png" background="true">$INFO[ListItem.Icon]</texture>
        <aspectratio aligny="center">keep</aspectratio>
      </control>
    </control>
    <control type="group" description="Thumbs with info">
      <posy>60</posy>
      <posx>120</posx>
      <visible>!IsEmpty(ListItem.Plot)</visible>
      <animation effect="fade" time="400">Visible</animation>
      <animation effect="fade" time="0">Hidden</animation>
      <control type="image" description="Reflection">
        <visible>!IsEmpty(ListItem.Thumb)</visible>
        <posx>0</posx>
        <posy>470</posy>
        <width>756</width>
        <height>470</height>
        <include>Icon_Fade</include>
        <texture background="true" diffuse="images/Reflection.png" flipy="true">$INFO[ListItem.Icon]</texture>
        <aspectratio aligny="top">keep</aspectratio>
      </control>
      <control type="image" description="Thumb">
        <posx>0</posx>
        <width>756</width>
        <height>470</height>
        <include>Icon_Fade</include>
        <texture background="true">$INFO[ListItem.Icon]</texture>
        <aspectratio aligny="bottom">keep</aspectratio>
      </control>
	  <include>Unwatched</include>
	  <control type="grouplist">
	  <posy>520</posy>
	  <width>756</width>
	  <height>50</height>
	  <orientation>horizontal</orientation>
	  <itemgap>5</itemgap>
	  <align>center</align>
        <control type="image">
		<visible>![Container.Content(tvshows) | Container.Content(Seasons)]</visible>
          <height>35</height>
          <width>91</width>
          <aspectratio>keep</aspectratio>
          <texture>$INFO[ListItem.VideoResolution,badges/Video/,.png]</texture>
        </control>
        <control type="image">
		<visible>![Container.Content(tvshows) | Container.Content(Seasons)]</visible>
          <height>35</height>
          <width>91</width>
          <aspectratio>keep</aspectratio>
          <texture>$INFO[ListItem.AudioCodec,badges/Audio/,.png]</texture>
        </control>
        <control type="image">
		<visible>![Container.Content(tvshows) | Container.Content(Seasons)]</visible>
          <height>35</height>
          <width>91</width>
          <aspectratio>keep</aspectratio>
          <texture>$INFO[ListItem.VideoCodec,badges/Video/,.png]</texture>
        </control>
        <control type="image">
		<visible>![Container.Content(tvshows) | Container.Content(Seasons)]</visible>
          <height>35</height>
          <width>91</width>
          <aspectratio>keep</aspectratio>
          <texture>$INFO[ListItem.FileExtension,badges/Video/,.png]</texture>
        </control>
		<control type="image">
		<visible>!IsEmpty(ListItem.Mpaa) + Container.Content(Movies)</visible>
          <height>35</height>
          <width>91</width>
          <aspectratio>keep</aspectratio>
          <texture>$VAR[MPAAS,Mpaa/,.png]</texture>
        </control>
	  </control>
	  <control type="image">
		<visible>!IsEmpty(ListItem.Mpaa) + !Container.Content(Movies)</visible>
		<animation condition="!Container.Content(Episodes)" effect="slide" end="450,320">Conditional</animation>
		<posx>60</posx>
		<posy>100</posy>
          <height>120</height>
          <width>120</width>
          <aspectratio>keep</aspectratio>
          <texture>$VAR[MPAAS,Mpaa/,.png]</texture>
		  </control>
	  <control type="image" description="Stars">
        <visible>!IsEmpty(ListItem.Rating)</visible>
		<posx>310</posx>
		<posy>485</posy>
        <height>24</height>
    <width>135</width>
    <aspectratio align="right">keep</aspectratio>
    <texture>$INFO[ListItem.Rating,badges/,.png]</texture>
      </control>
	  <control type="image">
	  <posy>570</posy>
	  <width>756</width>
	  <height>1</height>
	  <texture>images/Line.png</texture>
	  </control>
	  
      <control type="textbox" description="plot">
        <posy>570</posy>
        <width>756</width>
        <height>350</height>
        <align>justify</align>
        <label>$INFO[ListItem.Plot]</label>
      </control>
	  
	  <control type="image">
	  <posy>920</posy>
	  <width>756</width>
	  <height>1</height>
	  <texture>images/Line.png</texture>
	  </control>
	  
    </control>
  </include>
  <include name="left_Panel_plain">
    <control type="group" description="Thumbs no info">
      <posx>180</posx>
      <posy>180</posy>
      <animation effect="fade" delay="100" time="300">Visible</animation>
      <animation effect="fade" time="0">Hidden</animation>
      <control type="image" description="Thumb">
        <posx>0</posx>
        <width>621</width>
        <height>720</height>
        <include>Icon_Fade</include>
        <texture diffuse="images/Diffuse.png" background="true">$INFO[ListItem.Icon]</texture>
        <aspectratio aligny="center">keep</aspectratio>
      </control>
    </control>
  </include>
  <include name="left_Panel_square">
    <control type="group" description="Thumbs info">
      <visible>![Container.Content(Movies) | Container.Content(Seasons) | Container.Content(tvshows) | Container.Content(Songs)]</visible>
      <visible>[!IsEmpty(ListItem.Property(Album_Description)) + Container.Content(Albums)] | [!IsEmpty(ListItem.Property(Artist_Description)) + Container.Content(artists)]</visible>
      <posx>180</posx>
      <animation effect="fade" time="400">Visible</animation>
      <animation effect="fade" time="0">Hidden</animation>
      <control type="image" description="Fanart">
        <posx>0</posx>
        <width>660</width>
        <height>540</height>
        <include>Icon_Fade</include>
        <texture diffuse="images/Diffuse.png" background="true">$INFO[ListItem.Art(fanart)]</texture>
        <aspectratio aligny="bottom">keep</aspectratio>
      </control>
      <control type="textbox">
        <posy>560</posy>
        <width>660</width>
        <height>310</height>
        <align>justify</align>
        <autoscroll delay="3000" time="5000" repeat="10000"></autoscroll>
        <label>$VAR[Plots]</label>
      </control>
    </control>
    <control type="group" description="Thumbs no info">
      <posx>180</posx>
      <posy>180</posy>
      <visible>!container.content(songs)</visible>
      <visible>IsEmpty(ListItem.Property(Artist_Description))</visible>
      <visible>IsEmpty(ListItem.Property(Album_Description))</visible>
      <animation effect="fade" delay="100" time="300">Visible</animation>
      <animation effect="fade" time="0">Hidden</animation>
      <control type="image" description="Thumb">
        <posx>0</posx>
        <width>660</width>
        <height>540</height>
        <include>Icon_Fade</include>
        <texture background="true">$INFO[ListItem.Icon]</texture>
        <aspectratio aligny="center">keep</aspectratio>
      </control>
    </control>
    <control type="group" description="Songs">
      <visible>Container.content(Songs) + !ListItem.IsFolder</visible>
      <animation effect="fade" time="400">Visible</animation>
      <animation effect="fade" time="0">Hidden</animation>
      <posx>0</posx>
      <control type="group" description="Music Square">
        <posx>225</posx>
        <posy>90</posy>
        <control type="image" description="Thumb Reflection">
          <visible>!IsEmpty(ListItem.Thumb)</visible>
          <posy>600</posy>
          <width>600</width>
          <height>600</height>
          <include>Icon_Fade</include>
          <texture background="true" diffuse="images/Reflection0.png" flipy="true">$INFO[ListItem.Thumb]</texture>
          <aspectratio>keep</aspectratio>
        </control>
        <control type="image" description="Thumb">
          <width>600</width>
          <height>600</height>
          <include>Icon_Fade</include>
          <texture background="true" fallback="defaultalbumcover.png">$INFO[ListItem.Thumb]</texture>
          <aspectratio aligny="bottom">keep</aspectratio>
        </control>
      </control>
    </control>
  </include>
  <include name="SlimListItemCount">
    <animation effect="slide" start="0,0" end="0,-405" time="0" condition="StringCompare(Container.NumItems,1)">conditional</animation>
    <animation effect="slide" start="0,0" end="0,-324" time="0" condition="StringCompare(Container.NumItems,2)">conditional</animation>
    <animation effect="slide" start="0,0" end="0,-324" time="0" condition="StringCompare(Container.NumItems,3)">conditional</animation>
    <animation effect="slide" start="0,0" end="0,-243" time="0" condition="StringCompare(Container.NumItems,4)">conditional</animation>
    <animation effect="slide" start="0,0" end="0,-243" time="0" condition="StringCompare(Container.NumItems,5)">conditional</animation>
    <animation effect="slide" start="0,0" end="0,-162" time="0" condition="StringCompare(Container.NumItems,6)">conditional</animation>
    <animation effect="slide" start="0,0" end="0,-162" time="0" condition="StringCompare(Container.NumItems,7)">conditional</animation>
    <animation effect="slide" start="0,0" end="0,-81" time="0" condition="StringCompare(Container.NumItems,8)">conditional</animation>
    <animation effect="slide" start="0,0" end="0,-81" time="0" condition="StringCompare(Container.NumItems,9)">conditional</animation>
  </include>
  <include name="LargeListItemCount">
    <animation effect="slide" start="0,0" end="0,-333" time="0" condition="StringCompare(Container.NumItems,1)">conditional</animation>
    <animation effect="slide" start="0,0" end="0,-222" time="0" condition="StringCompare(Container.NumItems,2)">conditional</animation>
    <animation effect="slide" start="0,0" end="0,-222" time="0" condition="StringCompare(Container.NumItems,3)">conditional</animation>
    <animation effect="slide" start="0,0" end="0,-111" time="0" condition="StringCompare(Container.NumItems,4)">conditional</animation>
    <animation effect="slide" start="0,0" end="0,-111" time="0" condition="StringCompare(Container.NumItems,5)">conditional</animation>
  </include>
  <include name="LargeListSlider">
    <control type="group" description="Slider">
      <include>Scrollanim</include>
      <include>Slider2</include>
      <animation condition="Container.Position(0)" effect="slide" start="0,0" end="0,-333" time="180" easing="inout" reversible="true">Conditional</animation>
      <animation condition="Container.Position(1)" effect="slide" start="0,0" end="0,-222" time="180" easing="inout" reversible="true">Conditional</animation>
      <animation condition="Container.Position(2)" effect="slide" start="0,0" end="0,-111" time="180" easing="inout" reversible="true">Conditional</animation>
      <animation condition="Container.Position(4)" effect="slide" start="0,0" end="0,111" time="180" easing="inout" reversible="true">Conditional</animation>
      <animation condition="Container.Position(5)" effect="slide" start="0,0" end="0,222" time="180" easing="inout" reversible="true">Conditional</animation>
      <animation condition="Container.Position(6)" effect="slide" start="0,0" end="0,333" time="180" easing="inout" reversible="true">Conditional</animation>
      <animation condition="Container.Position(7)" effect="slide" start="0,0" end="0,444" time="180" easing="inout" reversible="true">Conditional</animation>
    </control>
  </include>
  <include name="SlimListSlider">
    <control type="group" description="Slider">
      <include>Scrollanim</include>
      <include>slider</include>
      <animation condition="Container.Position(0)" effect="slide" start="0,0" end="0,-405" time="180" easing="inout" reversible="true">Conditional</animation>
      <animation condition="Container.Position(1)" effect="slide" start="0,0" end="0,-324" time="180" easing="inout" reversible="true">Conditional</animation>
      <animation condition="Container.Position(2)" effect="slide" start="0,0" end="0,-243" time="180" easing="inout" reversible="true">Conditional</animation>
      <animation condition="Container.Position(3)" effect="slide" start="0,0" end="0,-162" time="180" easing="inout" reversible="true">Conditional</animation>
      <animation condition="Container.Position(4)" effect="slide" start="0,0" end="0,-81" time="180" easing="inout" reversible="true">Conditional</animation>
      <animation condition="Container.Position(6)" effect="slide" start="0,0" end="0,81" time="180" easing="inout" reversible="true">Conditional</animation>
      <animation condition="Container.Position(7)" effect="slide" start="0,0" end="0,162" time="180" easing="inout" reversible="true">Conditional</animation>
      <animation condition="Container.Position(8)" effect="slide" start="0,0" end="0,243" time="180" easing="inout" reversible="true">Conditional</animation>
      <animation condition="Container.Position(9)" effect="slide" start="0,0" end="0,324" time="180" easing="inout" reversible="true">Conditional</animation>
      <animation condition="Container.Position(10)" effect="slide" start="0,0" end="0,405" time="180" easing="inout" reversible="true">Conditional</animation>
    </control>
  </include>
  <include name="ListFade">
    <control type="image">
      <visible>Container.HasPrevious</visible>
      <animation effect="fade" time="200">VisibleChange</animation>
      <posx>1005</posx>
      <posy>135</posy>
      <height>81</height>
      <width>832</width>
      <texture flipy="true">images/DefaultGradient.png</texture>
      <aspectratio>stretch</aspectratio>
    </control>
    <control type="image">
      <animation effect="fade" time="200">VisibleChange</animation>
      <visible>Container.HasNext</visible>
      <posx>1005</posx>
      <posy>963</posy>
      <height>81</height>
      <width>832</width>
      <texture>images/DefaultGradient.png</texture>
      <aspectratio>stretch</aspectratio>
    </control>
  </include>
  <include name="FullscreenInfoLabel">
    <posx>400</posx>
    <width>1120</width>
    <scroll>false</scroll>
    <align>center</align>
    <font>size42B</font>
    <textcolor>Yellow</textcolor>
  </include>
  <include name="MusicInfo">
    <control type="group" description="Songs and Music Videos">
      <visible>!ListItem.IsFolder</visible>
      <posx>120</posx>
      <posy>57</posy>
      <control type="group">
        <posy>765</posy>
        <control type="label" description="Title">
          <posy>-92</posy>
          <font>size30</font>
          <textcolor>White2</textcolor>
          <width>608</width>
          <height>36</height>
          <align>left</align>
          <scroll>false</scroll>
          <label>[B]$INFO[ListItem.Title][/B]</label>
        </control>
        <control type="image" description="Rating">
          <posy>-45</posy>
          <height>27</height>
          <width>150</width>
          <colordiffuse>White2</colordiffuse>
          <aspectratio align="left">keep</aspectratio>
          <texture>$INFO[ListItem.StarRating]</texture>
        </control>
        <control type="image" description="Separator">
          <posx>0</posx>
          <height>1</height>
          <width>780</width>
          <aspectratio>stretch</aspectratio>
          <texture>images/Liner.png</texture>
        </control>
        <control type="image" description="Separator">
          <posx>0</posx>
          <posy>180</posy>
          <height>1</height>
          <width>760</width>
          <aspectratio>stretch</aspectratio>
          <texture>images/LineL.png</texture>
        </control>
        <control type="grouplist" description="Labels">
          <posx>20</posx>
          <posy>18</posy>
          <width>808</width>
          <orientation>vertical</orientation>
          <control type="label" description="Album">
            <font>size30</font>
            <width>750</width>
            <height>30</height>
            <textcolor>Grey</textcolor>
			<scroll>false</scroll>
            <label>$LOCALIZE[558]:  [COLOR=White2]$INFO[ListItem.Album][/COLOR]</label>
          </control>
          <control type="label" description="Genre">
            <font>size30</font>
            <width>750</width>
            <height>30</height>
            <textcolor>Grey</textcolor>
            <label>$LOCALIZE[515]:  [COLOR=White2]$INFO[ListItem.Genre][/COLOR]</label>
          </control>
          <control type="label" description="Type">
            <font>size30</font>
            <width>750</width>
            <height>30</height>
            <textcolor>Grey</textcolor>
            <label>$LOCALIZE[564]:  [COLOR=White2][UPPERCASE]$INFO[ListItem.FileExtension][/UPPERCASE][/COLOR]</label>
          </control>
          <control type="label" description="Duration">
            <font>size30</font>
            <width>750</width>
            <height>30</height>
            <textcolor>Grey</textcolor>
            <label>$LOCALIZE[180]:  [COLOR=White2]$INFO[ListItem.Duration][/COLOR]</label>
          </control>
        </control>
      </control>
    </control>
  </include>
  <include name="MusicRating">
    <height>24</height>
    <width>135</width>
    <aspectratio align="right">keep</aspectratio>
    <texture>$INFO[ListItem.StarRating]</texture>
  </include>
  
  <include name="slider">
    <control type="image">
      <animation effect="fade" time="100">VisibleChange</animation>
      <posx>-27</posx>
      <posy>383</posy>
      <width>855</width>
      <height>126</height>
      <texture border="32">images/slider.png</texture>
      <aspectratio>stretch</aspectratio>
    </control>
  </include>
  <include name="Slider2">
    <control type="image">
      <animation effect="fade" time="100">VisibleChange</animation>
      <posx>-27</posx>
      <posy>306</posy>
      <width>855</width>
      <height>165</height>
      <texture border="32">images/slider.png</texture>
      <aspectratio>stretch</aspectratio>
    </control>
  </include>
  <include name="52MainLabel">
    <posx>45</posx>
    <height>75</height>
    <width>630</width>
    <aligny>center</aligny>
    <scroll>false</scroll>
    <font>size36</font>
    <textcolor>White</textcolor>
  </include>
  <include name="52MainLabelFO">
    <posx>45</posx>
    <height>75</height>
    <width>630</width>
    <aligny>center</aligny>
    <scroll>false</scroll>
    <font>size36</font>
    <textcolor>White2</textcolor>
  </include>
  <include name="52Label2">
    <posx>42r</posx>
    <height>81</height>
    <width>120</width>
    <font>size27</font>
    <scroll>false</scroll>
    <textcolor>Grey</textcolor>
    <align>right</align>
  </include>
  <include name="52Label2FO">
    <posx>42r</posx>
    <height>81</height>
    <width>120</width>
    <font>size27</font>
    <scroll>false</scroll>
    <textcolor>White2</textcolor>
    <align>right</align>
  </include>
  <include name="50Title">
    <posx>128</posx>
    <posy>12</posy>
    <height>50</height>
    <width>720</width>
    <textcolor>White</textcolor>
    <aligny>center</aligny>
    <font>size36</font>
    <scroll>false</scroll>
  </include>
  <include name="50TitleFO">
    <posx>128</posx>
    <posy>12</posy>
    <height>50</height>
    <width>720</width>
    <textcolor>White2</textcolor>
    <aligny>center</aligny>
    <font>size36</font>
  </include>
  <include name="50details">
    <posx>128</posx>
    <posy>63</posy>
    <height>33</height>
    <width>350</width>
    <font>size27</font>
    <textcolor>Grey</textcolor>
    <scroll>false</scroll>
  </include>
  <include name="50detailsFO">
    <animation effect="fade" time="200" start="50" end="100" delay="100">Focus</animation>
    <posx>128</posx>
    <posy>63</posy>
    <height>33</height>
    <width>350</width>
    <font>size27</font>
    <textcolor>White2</textcolor>
  </include>
  <include name="Watched_Marks">
    <control type="image">
      <visible>Container.Content(TVShows) | Container.Content(Seasons) | Container.Content(Movies) | Container.Content(episodes)</visible>
      <posx>4</posx>
      <height>81</height>
      <width>30</width>
      <texture>$VAR[WatchStatus,Overlay/List/]</texture>
      <aspectratio>keep</aspectratio>
    </control>
  </include>
  <include name="HD_Badge">
    <control type="image">
      <visible>!IsEmpty(ListItem.VideoResolution)</visible>
      <visible>IntegerGreaterThan(ListItem.VideoResolution,700)</visible>
      <posx>81r</posx>
      <height>81</height>
      <width>42</width>
      <aspectratio>keep</aspectratio>
      <texture>$INFO[ListItem.VideoResolution,badges/,.png]</texture>
    </control>
  </include>
  <include name="HD_BadgeLW">
    <control type="image">
	<animation condition="!IsEmpty(ListItem.Premiered)" effect="slide" end="0,-18">Conditional</animation>
      <visible>!IsEmpty(ListItem.VideoResolution)</visible>
      <visible>IntegerGreaterThan(ListItem.VideoResolution,700)</visible>
      <posx>81r</posx>
      <height>111</height>
      <width>42</width>
      <aspectratio>keep</aspectratio>
      <texture>$INFO[ListItem.VideoResolution,badges/,.png]</texture>
    </control>
  </include>
  <include name="Unwatched">
    <control type="image">
      <visible>!IsEmpty(ListItem.Property(UnwatchedEpisodes)) + [container.content(TVshows) | container.content(seasons)] + !StringCompare(ListItem.Property(UnwatchedEpisodes),0)</visible>
	  <posy>480</posy>
      <posx>140</posx>
      <height>55</height>
      <width>80</width>
      <aspectratio>keep</aspectratio>
      <texture>Badges/Badgecount.png</texture>
    </control>
    <control type="label" description="Label2">
      <visible>!IsEmpty(ListItem.Property(UnwatchedEpisodes)) + [container.content(TVshows) | container.content(seasons)] + !StringCompare(ListItem.Property(UnwatchedEpisodes),0)</visible>
      <posy>480</posy>
	  <posx>140</posx>
      <height>44</height>
      <width>80</width>
      <font>size30</font>
	  <align>center</align>
      <textcolor>White</textcolor>
      <label>$INFO[ListItem.Property(UnwatchedEpisodes)]</label>
    </control>
  </include>
  
  
  <include name="ArrowNF">
    <control type="image" description="arrow">
      <visible>[Window.IsActive(Settings.xml) | ListItem.IsFolder] + ![StringCompare(ListItem.Label,..) | SubString(ListItem.Path,videodb://1/7) | container.content(Movies) | container.content(TVshows) | container.content(Seasons) | container.content(Episodes) | container.content(musicvideos) | container.content(songs) | container.content(addons) | SubString(Container.FolderPath,plugin://,left)]</visible>
      <posx>75r</posx>
      <height>81</height>
      <width>42</width>
      <aspectratio>keep</aspectratio>
      <texture>images/ArrowNF.png</texture>
    </control>
  </include>
  <include name="ArrowFO">
    <control type="image" description="arrow">
      <visible>[Window.IsActive(Settings.xml) | ListItem.IsFolder] + ![StringCompare(ListItem.Label,..) | SubString(ListItem.Path,videodb://1/7) | container.content(Movies) | container.content(TVshows) | container.content(Seasons) | container.content(Episodes) | container.content(musicvideos) | container.content(songs) | container.content(addons) | SubString(Container.FolderPath,plugin://,left)]</visible>
      <animation effect="fade" start="30" end="100" time="150" delay="300">Focus</animation>
      <posx>75r</posx>
      <height>81</height>
      <width>42</width>
      <aspectratio>keep</aspectratio>
      <texture>images/ArrowFO.png</texture>
    </control>
  </include>
  <include name="Sets">
    <control type="image" description="Sets">
      <visible>Window.IsActive(MyVideoNav.xml)</visible>
      <visible>SubString(ListItem.Path,videodb://1/7)</visible>
      <posx>82r</posx>
      <height>81</height>
      <width>45</width>
      <aspectratio align="right">keep</aspectratio>
      <texture>badges/sets.png</texture>
    </control>
  </include>
  <include name="SetsFO">
    <control type="image" description="Sets">
      <visible>Window.IsActive(MyVideoNav.xml)</visible>
      <visible>SubString(ListItem.Path,videodb://1/7)</visible>
      <posx>82r</posx>
      <height>81</height>
      <width>45</width>
      <aspectratio align="right">keep</aspectratio>
      <texture>badges/setsFO.png</texture>
    </control>
  </include>
  <include name="SetsLW">
    <control type="image" description="Sets">
      <visible>Window.IsActive(MyVideoNav.xml)</visible>
      <visible>SubString(ListItem.Path,videodb://1/7)</visible>
      <posx>82r</posx>
      <height>111</height>
      <width>45</width>
      <aspectratio align="right">keep</aspectratio>
      <texture>badges/sets.png</texture>
    </control>
  </include>
  <include name="SetsFOLW">
    <control type="image" description="Sets">
      <visible>Window.IsActive(MyVideoNav.xml)</visible>
      <visible>SubString(ListItem.Path,videodb://1/7)</visible>
      <posx>82r</posx>
      <height>111</height>
      <width>45</width>
      <aspectratio align="right">keep</aspectratio>
      <texture>badges/setsFO.png</texture>
    </control>
  </include>
  <include name="LargeListAddonsLayout">
    <itemlayout condition="container.content(addons)" width="802" height="111">
      
      <control type="group">
        <control type="image">
          <posx>9</posx>
          <posy>9</posy>
          <height>93</height>
          <width>93</width>
          <texture background="true">$INFO[ListItem.Icon]</texture>
          <aspectratio>keep</aspectratio>
        </control>
      </control>
      <control type="label" description="Main Label">
        <visible>IsEmpty(ListItem.Label2)</visible>
        <posy>27</posy>
        <width>600</width>
        <include>50Title</include>
        <label>$INFO[ListItem.Label]</label>
      </control>
      <control type="label" description="Main Label">
        <visible>!IsEmpty(ListItem.Label2)</visible>
        <width>600</width>
        <include>50Title</include>
        <label>$INFO[ListItem.Label]</label>
      </control>
      <control type="label" description="Label2">
        <width>600</width>
        <include>50details</include>
        <label>$INFO[ListItem.Label2]</label>
      </control>
    </itemlayout>
    <focusedlayout condition="container.content(addons)" width="802" height="111">
     
      <control type="group">
        <control type="image">
          <posx>9</posx>
          <posy>9</posy>
          <height>93</height>
          <width>93</width>
          <texture background="true">$INFO[ListItem.Icon]</texture>
          <aspectratio>keep</aspectratio>
        </control>
      </control>
      <control type="label" description="Main Label">
        <visible>IsEmpty(ListItem.Label2)</visible>
        <posy>27</posy>
        <width>600</width>
        <include>50TitleFO</include>
        <label>$INFO[ListItem.Label]</label>
      </control>
      <control type="label" description="Main Label">
        <visible>!IsEmpty(ListItem.Label2)</visible>
        <width>600</width>
        <include>50TitleFO</include>
        <label>$INFO[ListItem.Label]</label>
      </control>
      <control type="label" description="Label2">
        <width>600</width>
        <include>50detailsFO</include>
        <label>$INFO[ListItem.Label2]</label>
      </control>
    </focusedlayout>
  </include>
  <include name="LargeListFilesLayout">
    <itemlayout condition="Container.content(files)" width="802" height="111">
     
      <control type="image">
        <posx>0</posx>
        <height>111</height>
        <width>30</width>
        <texture>$VAR[Overlay]</texture>
        <aspectratio>keep</aspectratio>
      </control>
      <control type="label" description="Main Label">
        <visible>!IsEmpty(ListItem.Label2)</visible>
        <posx>36</posx>
        <width>735</width>
        <include>50Title</include>
        <label>$INFO[ListItem.Label]</label>
      </control>
      <control type="label" description="Main Label">
        <visible>IsEmpty(ListItem.Label2)</visible>
        <posx>36</posx>
        <posy>27</posy>
        <width>735</width>
        <include>50Title</include>
        <label>$INFO[ListItem.Label]</label>
      </control>
      <control type="label" description="Label2">
        <posx>36</posx>
        <width>735</width>
        <include>50details</include>
        <label>$INFO[ListItem.Label2]</label>
      </control>
    </itemlayout>
    <focusedlayout condition="Container.content(files)" width="802" height="111">
      
      <control type="image">
        <posx>0</posx>
        <height>111</height>
        <width>30</width>
        <texture>$VAR[Overlay]</texture>
        <aspectratio>keep</aspectratio>
      </control>
      <control type="label" description="Main Label">
        <visible>!IsEmpty(ListItem.Label2)</visible>
        <posx>36</posx>
        <width>735</width>
        <include>50TitleFO</include>
        <label>$INFO[ListItem.Label]</label>
      </control>
      <control type="label" description="Main Label">
        <visible>IsEmpty(ListItem.Label2)</visible>
        <posx>36</posx>
        <posy>27</posy>
        <width>735</width>
        <include>50TitleFO</include>
        <label>$INFO[ListItem.Label]</label>
      </control>
      <control type="label" description="Label2">
        <posx>36</posx>
        <width>735</width>
        <include>50detailsFO</include>
        <label>$INFO[ListItem.Label2]</label>
      </control>
    </focusedlayout>
  </include>
  <include name="LargeListNoThumbFilesLayout">
    <itemlayout condition="Container.content(files)" width="802" height="111">
      
      <control type="label" description="Main Label">
        <visible>!IsEmpty(ListItem.Label2)</visible>
        <posx>30</posx>
        <width>720</width>
        <include>50Title</include>
        <label>$INFO[ListItem.Label]</label>
      </control>
      <control type="label" description="Main Label">
        <visible>IsEmpty(ListItem.Label2)</visible>
        <posx>30</posx>
        <posy>27</posy>
        <width>720</width>
        <include>50Title</include>
        <label>$INFO[ListItem.Label]</label>
      </control>
      <control type="label" description="Label2">
        <posx>30</posx>
        <include>50details</include>
        <label>$INFO[ListItem.Label2]</label>
      </control>
    </itemlayout>
    <focusedlayout condition="Container.content(files)" width="802" height="111">
      
      <control type="label" description="Main Label">
        <visible>!IsEmpty(ListItem.Label2)</visible>
        <posx>30</posx>
        <width>720</width>
        <include>50TitleFO</include>
        <label>$INFO[ListItem.Label]</label>
      </control>
      <control type="label" description="Main Label">
        <visible>IsEmpty(ListItem.Label2)</visible>
        <posx>30</posx>
        <posy>27</posy>
        <width>720</width>
        <include>50TitleFO</include>
        <label>$INFO[ListItem.Label]</label>
      </control>
      <control type="label" description="Label2">
        <posx>30</posx>
        <width>720</width>
        <include>50detailsFO</include>
        <label>$INFO[ListItem.Label2]</label>
      </control>
    </focusedlayout>
  </include>
  <include name="LargeListLayout">
    <itemlayout  width="802" height="111">
      <include>Watched_Marks</include>
      <include>HD_BadgeLW</include>
      <include>SetsLW</include>
      <control type="group">
        <animation condition="IsEmpty(ListItem.Label2) + IsEmpty(ListItem.Duration) + IsEmpty(ListItem.Year)" effect="slide" start="0,0" end="0,18" time="0" reversible="true">Conditional</animation>
        <control type="label" description="Main Label">
          <visible>![ListItem.IsFolder | IntegerGreaterThan(ListItem.VideoResolution,700)]</visible>
          <posx>45</posx>
          <width>717</width>
          <include>50Title</include>
          <label>$INFO[ListItem.label]</label>
        </control>
        <control type="label" description="Main Label">
          <visible>IntegerGreaterThan(ListItem.VideoResolution,700) + !ListItem.IsFolder</visible>
          <posx>45</posx>
          <width>630</width>
          <include>50Title</include>
          <label>$INFO[ListItem.label]</label>
        </control>
		<control type="label" description="Main Label">
          <visible>ListItem.IsFolder | IsEmpty(ListItem.Title)</visible>
          <posx>45</posx>
          <width>630</width>
          <include>50Title</include>
          <label>$INFO[ListItem.label]</label>
        </control>
      </control>
      <control type="group">
        <visible>Control.IsVisible(50)</visible>
        <control type="label" description="Label2">
		<visible>!IsEmpty(ListItem.Artist) | Container.Content(Movies) | Container.Content(TvShows)</visible>
          <posx>45</posx>
          <include>50details</include>
          <label>$INFO[ListItem.Year,,  ]$INFO[ListItem.Duration, • , $LOCALIZE[31038]]</label>
        </control>
        <control type="label" description="Label2">
          <visible>container.content(episodes)</visible>
          <posx>760</posx>
          <align>right</align>
          <include>50details</include>
          <label>$INFO[ListItem.Premiered]</label>
        </control>
		<control type="label" description="Label2">
          <visible>container.content(episodes)  + !ListItem.IsFolder</visible>
          <posx>45</posx>
          <align>left</align>
          <include>50details</include>
          <label>$INFO[ListItem.Duration,, $LOCALIZE[31038]]</label>
		  </control>
        <control type="label" description="Label2">
          <visible>!Container.Content(Artists)</visible>
          <posx>760</posx>
          <align>right</align>
          <include>50details</include>
          <label>$INFO[ListItem.Artist]</label>
        </control>
      </control>
	  
    </itemlayout>
    <focusedlayout width="802" height="111">
      
      <include>Watched_Marks</include>
      <include>HD_BadgeLW</include>
      <include>SetsFOLW</include>
      <control type="group">
        <animation condition="IsEmpty(ListItem.Label2) + IsEmpty(ListItem.Duration) + IsEmpty(ListItem.Year)" effect="slide" start="0,0" end="0,18" time="0" reversible="true">Conditional</animation>
        <control type="label" description="Main Label">
          <visible>![ListItem.IsFolder | IntegerGreaterThan(ListItem.VideoResolution,700)]</visible>
          <posx>45</posx>
          <width>717</width>
          <include>50Title</include>
          <label>$INFO[ListItem.label]</label>
        </control>
        <control type="label" description="Main Label">
          <visible>IntegerGreaterThan(ListItem.VideoResolution,700) + !ListItem.IsFolder</visible>
          <posx>45</posx>
          <width>630</width>
          <include>50Title</include>
          <label>$INFO[ListItem.label]</label>
        </control>
		<control type="label" description="Main Label">
          <visible>ListItem.IsFolder | IsEmpty(ListItem.Title)</visible>
          <posx>45</posx>
          <width>630</width>
          <include>50Title</include>
          <label>$INFO[ListItem.label]</label>
        </control>
      </control>
      <control type="group">
        <visible>Control.IsVisible(50)</visible>
        <control type="label" description="Label2">
		<visible>!isEmpty(ListItem.Artist) | Container.Content(Movies) | Container.Content(TvShows)</visible>
          <posx>45</posx>
          <width>630</width>
          <include>50detailsFO</include>
          <label>$INFO[ListItem.Year,,  ]$INFO[ListItem.Duration, • , $LOCALIZE[31038]]</label>
        </control>
        <control type="label" description="Label2">
          <visible>container.content(episodes)</visible>
          <posx>760</posx>
          <width>480</width>
          <align>right</align>
          <include>50detailsFO</include>
          <label>$INFO[ListItem.Premiered]</label>
        </control>
		<control type="label" description="Label2">
          <visible>container.content(episodes) + !ListItem.IsFolder</visible>
          <posx>45</posx>
          <align>left</align>
          <include>50details</include>
          <label>$INFO[ListItem.Duration,, $LOCALIZE[31038]]</label>
        </control>
		
        <control type="label" description="Label2">
		<visible>!Container.Content(Artists)</visible>
          <posx>760</posx>
          <width>480</width>
          <align>right</align>
          <include>50detailsFO</include>
          <label>$INFO[ListItem.Artist]</label>
        </control>
      </control>
    </focusedlayout>
  </include>
  <include name="ButtonMenu">
    <width>525</width>
    <height>69</height>
    <font>size36</font>
    <align>left</align>
    <textoffsetx>20</textoffsetx>
    <texturefocus border="8">Images/Buttonselect.png</texturefocus>
    <alttexturefocus border="8">Images/Buttonselect.png</alttexturefocus>
</include>
  <include name="DialogGLs">
    <posx>675</posx>
    <posy>354</posy>
    <width>576</width>
    <height>375</height>
    <itemgap>0</itemgap>
    <onleft>50</onleft>
    <onright>50</onright>
    <onup>9000</onup>
    <ondown>9000</ondown>
    <scrolltime>200</scrolltime>
    <orientation>vertical</orientation>
  </include>
  <include name="DialogButt">
    <width>576</width>
    <textoffsetx>0</textoffsetx>
    <align>center</align>
    <aligny>center</aligny>
    <font>size36</font>
    <disabledcolor>Grey</disabledcolor>
    <texturenofocus>-</texturenofocus>
    <alttexturenofocus>-</alttexturenofocus>
    <texturefocus border="8">Images/Buttonselect.png</texturefocus>
    <alttexturefocus border="8">Images/Buttonselect.png</alttexturefocus>
  </include>
  <include name="Plot51Commons">
    <posx>0</posx>
    <posy>48</posy>
    <width>758</width>
    <height>168</height>
    <font>size30</font>
    <textcolor>Silver</textcolor>
    <align>justify</align>
    <aligny>bottom</aligny>
    <autoscroll delay="8000" time="4300" repeat="10000"></autoscroll>
  </include>
  <include name="Genre51Commons">
    <posy>-9</posy>
    <font>size30</font>
    <textcolor>Grey</textcolor>
    <width>758</width>
    <height>36</height>
    <align>left</align>
    <scroll>false</scroll>
  </include>
  <include name="TitleCommons">
    <font>size39B</font>
    <textcolor>White</textcolor>
    <shadowcolor>Black</shadowcolor>
  </include>
  <include name="Keyboard">
    <texturefocus border="8">Images/Buttonselect.png</texturefocus>
    <align>center</align>
    <aligny>center</aligny>
    <textoffsetx>0</textoffsetx>
    <width>75</width>
    <height>75</height>
    <font>size42B</font>
  </include>
  <include name="DetailsVideoInfoCommons">
    <posx>0</posx>
    <width>270</width>
    <height>38</height>
    <align>left</align>
    <scroll>false</scroll>
    <font>size26</font>
  </include>
  <include name="Genre52Commons">
    <posy>-24</posy>
    <font>size27</font>
    <textcolor>Silver</textcolor>
    <width>762</width>
    <height>36</height>
    <align>left</align>
    <scroll>false</scroll>
  </include>
  <include name="FlagsAudioInfo">
    <control type="group" description="Furniture">
      <control type="grouplist">
        <posx>0</posx>
        <width>690</width>
        <height>36</height>
        <itemgap>30</itemgap>
        <orientation>horizontal</orientation>
        <align>left</align>
        <aligny>center</aligny>
        <control type="image" description="Rating">
          <posx>102</posx>
          <posy>1035</posy>
          <height>36</height>
          <width>150</width>
          <colordiffuse>Silver</colordiffuse>
          <aspectratio align="left">keep</aspectratio>
          <texture>$INFO[ListItem.StarRating]</texture>
        </control>
        <control type="image">
          <visible>Container.content(songs) + !IsEmpty(ListItem.FileExtension)</visible>
          <posx>777</posx>
          <posy>1034</posy>
          <height>45</height>
          <width>90</width>
          <bordersize>3</bordersize>
          <aspectratio>keep</aspectratio>
          <colordiffuse>Silver</colordiffuse>
          <texture>$INFO[ListItem.FileExtension,badges/audio/,.png]</texture>
        </control>
      </control>
    </control>
  </include>
  <include name="SettingsSubmenuButtons">
    <width>720</width>
    <textoffsetx>22</textoffsetx>
    <height>54</height>
    <align>left</align>
    <font>size30</font>
    <disabledcolor>Grey</disabledcolor>
  </include>
  <include name="Help_Panel">
  <animation effect="fade" time="200">VisibleChange</animation>
        <width>460</width>
        <height>380</height>
        <aspectratio align="center" aligny="bottom">keep</aspectratio>
		</include>
		
		<include name="CustomizerList">
		<include>ShelfFade</include>
		<onup>303</onup>
		<ondown>50</ondown>
    <posx>72</posx>
    <posy>120</posy>
    <width>1776</width>
    <height>402</height>
    <orientation>horizontal</orientation>
    <scrolltime>400</scrolltime>
    <itemlayout height="357" width="354">
	<control type="label">
          <posx>178</posx>
          <posy>178</posy>
          <width>345</width>
          <height>30</height>
          <font>size26</font>
          <textcolor>White2</textcolor>
          <label>+ $INFO[ListItem.label2]</label>
          <align>center</align>
        </control>
      <control type="image" description="Reflection">
        <posx>27</posx>
        <posy>330</posy>
        <width>303</width>
        <height>303</height>
        <texture background="true" diffuse="images/ReflectionShelf.png" flipy="true">$INFO[ListItem.Thumb]</texture>
        <aspectratio scalediffuse="false">scale</aspectratio>
      </control>
	  <control type="image">
        <posx>27</posx>
        <posy>27</posy>
        <width>303</width>
        <height>303</height>
        <texture background="true">default$INFO[ListItem.label2].png</texture>
		<colordiffuse>33FFFFFF</colordiffuse>
        <aspectratio>scale</aspectratio>
      </control>
      <control type="image">
        <posx>27</posx>
        <posy>27</posy>
        <width>303</width>
        <height>303</height>
        <texture background="true">$INFO[ListItem.Thumb]</texture>
        <aspectratio>scale</aspectratio>
      </control>
    </itemlayout>
    <focusedlayout height="357" width="354">
	<control type="label">
          <posx>178</posx>
          <posy>178</posy>
          <width>345</width>
          <height>30</height>
          <font>size26</font>
          <textcolor>White2</textcolor>
          <label>+ $INFO[ListItem.Label2]</label>
          <align>center</align>
        </control>
		<control type="image">
        <posx>27</posx>
        <posy>27</posy>
        <width>303</width>
        <height>303</height>
        <texture background="true">default$INFO[ListItem.label2].png</texture>
		<colordiffuse>33FFFFFF</colordiffuse>
        <aspectratio>scale</aspectratio>
      </control>
        <control type="image">
          <posx>27</posx>
          <posy>27</posy>
          <width>303</width>
          <height>303</height>
          <texture background="true">$INFO[ListItem.Thumb]</texture>
          <aspectratio>scale</aspectratio>
        </control>
		<control type="image">
		<posx>17</posx>
          <posy>17</posy>
		<width>323</width>
		<height>323</height>
		<texture border="10">images/generalslider.png</texture>
        </control>
		<control type="label" description="title">
		<posx>177</posx>
		<posy>310</posy>
		<width>360</width>
		<align>center</align>
		<label>$INFO[ListItem.label]</label>
				</control>
        
    </focusedlayout>
	</include>
	<include name="Left_Panel_Addons">
	<control type="group" description="Stage">
      <visible>IsEmpty(Container.FolderPath)</visible>
      <control type="image" description="Thumb">
        <posx>262</posx>
        <posy>180</posy>
        <width>495</width>
        <height>495</height>
        <include>Icon_Fade</include>
        <texture background="true">DefaultAddon.png</texture>
        <aspectratio scalediffuse="false">scale</aspectratio>
      </control>
      <control type="image">
        <posx>165</posx>
        <posy>630</posy>
        <width>682</width>
        <height>1</height>
        <texture>images/Line.png</texture>
        <aspectratio>stretch</aspectratio>
      </control>
      <control type="label" description="Updates">
        <posx>135</posx>
        <posy>675</posy>
        <width>750</width>
        <height>81</height>
        <align>center</align>
		<textcolor>Yellow</textcolor>
        <label>$INFO[Control.GetLabel(5)]</label>
      </control>
      <control type="label" description="Notifications">
        <posx>135</posx>
        <posy>765</posy>
        <width>750</width>
        <height>81</height>
        <align>center</align>
		<textcolor>Yellow</textcolor>
        <label>$INFO[Control.GetLabel(6)]</label>
      </control>
    </control>
    <control type="group" description="Thumbs no info">
      <posy>240</posy>
      <visible>ListItem.IsFolder + !IsEmpty(Container.FolderPath)</visible>
      <animation effect="fade" time="400">Visible</animation>
      <animation effect="fade" time="0">Hidden</animation>
      <control type="image" description="Thumb Reflection">
        <posx>180</posx>
        <posy>621</posy>
        <width>621</width>
        <height>621</height>
        <include>Icon_Fade</include>
        <texture background="true" diffuse="images/Reflection0Long.png" flipy="true">$INFO[ListItem.Thumb]</texture>
        <aspectratio aligny="top">keep</aspectratio>
      </control>
      <control type="image" description="Thumb">
        <posx>180</posx>
        <posy>0</posy>
        <width>621</width>
        <height>621</height>
        <include>Icon_Fade</include>
        <texture background="true">$INFO[ListItem.Icon]</texture>
        <aspectratio aligny="bottom">keep</aspectratio>
      </control>
    </control>
    <control type="group" description="Faded Info thumbs">
      <visible>!ListItem.IsFolder</visible>
      <animation effect="fade" time="400">Visible</animation>
      <animation effect="fade" time="10">Hidden</animation>
      <control type="group">
        <posx>260</posx>
        <posy>80</posy>
        <control type="image" description="Thumb Reflection">
          <posy>500</posy>
          <width>500</width>
          <height>500</height>
          <include>Icon_Fade</include>
          <texture background="true" diffuse="images/Reflection0.png" flipy="true">$INFO[ListItem.Icon]</texture>
          <aspectratio>keep</aspectratio>
        </control>
        <control type="image" description="Thumb">
          <width>500</width>
          <height>500</height>
          <include>Icon_Fade</include>
          <texture background="true">$INFO[ListItem.Icon]</texture>
          <aspectratio aligny="bottom">keep</aspectratio>
        </control>
       
      </control>
    </control>
	<control type="group" description="Addon Description">
      <visible>!ListItem.IsFolder</visible>
      <animation effect="fade" delay="100" time="300">Visible</animation>
      <animation effect="fade" time="10">Hidden</animation>
      <posx>110</posx>
      <posy>27</posy>
      <control type="group">
        <posx>20</posx>
        <posy>610</posy>
        <control type="label">
		<posx>-20</posx>
          <width>640</width>
          <font>size33B</font>
          <textcolor>White2</textcolor>
          <include>Genre51Commons</include>
          <label>$INFO[ListItem.Label]</label>
        </control>
        <control type="textbox">
          <posy>45</posy>
          <height>210</height>
          <include>Plot51Commons</include>
          <label>$VAR[Plots]</label>
        </control>
        <control type="label" description="Bottom Label">
          <posy>260</posy>
          <include>Genre51Commons</include>
          <label>$INFO[ListItem.Genre]</label>
        </control>
        <control type="label" description="Bottom Label">
          <visible>container.content(addons)</visible>
          <posy>260</posy>
          <scroll>true</scroll>
          <include>Genre51Commons</include>
          <label>$INFO[ListItem.Property(Addon.Disclaimer)]</label>
        </control>
        <control type="label" description="More Info">
          <posy>300</posy>
          <include>Genre51Commons</include>
          <label>$INFO[ListItem.Property(Addon.Version),$LOCALIZE[24051] ]$VAR[TopLabel, • ]</label>
        </control>
      </control>
	  </control>
	  </include>
		
</includes>
