﻿<?xml version="1.0" encoding="UTF-8"?>
<window type="dialog" id="1118">
  <defaultcontrol always="true">9000</defaultcontrol>
  <include>DialogOpenClose</include>
  <controls>
    <control type="group" description="Side menu 9000 group">
	        <posx>459</posx>
        <posy>250</posy>
      <visible allowhiddenfocus="true">ControlGroup(9000).HasFocus()</visible>
      <include>DialogOpenCloseVisible</include>
      <control type="image" description="List back">

        <width>1002</width>
        <height>620</height>
        <aspectratio>stretch</aspectratio>
        <texture border="150">images/Dialog.png</texture>
      </control>
      <control type="grouplist" id="9000">
        <posx>210</posx>
		<posy>152</posy>
		<control type="button" id="699">
          <include>DialogButt</include>
          <label>1037</label>
          <onclick>Close</onclick>
          <onclick>ActivateWindow(Videos,Addons)</onclick>
        </control>
		<control type="button" id="700">
          <include>DialogButt</include>
          <label>1038</label>
          <onclick>Close</onclick>
          <onclick>ActivateWindow(Music,Addons)</onclick>
        </control>
        <control type="button" id="701">
          <include>DialogButt</include>
          <label>31037</label>
          <onclick>Close</onclick>
          <onclick>ActivateWindow(AddonBrowser,root)</onclick>
        </control>
        <control type="button" id="702">
          <include>DialogButt</include>
          <label>31040</label>
          <onclick>Close</onclick>
          <onclick>ActivateWindow(1617)</onclick>
        </control>

      </control>
    </control>
  </controls>
</window>
