<?xml version="1.0" encoding="UTF-8"?>
<window id="56">
  <defaultcontrol always="true">50</defaultcontrol>
  <allowoverlay>no</allowoverlay>
  <include>OpenClose</include>
  <controls>
    <include>BlackBackground</include>
    <include>SettingsClock</include>
    <control type="group">
      <posx>1020</posx>
      <posy>141</posy>
      <control type="group" description="Slider">
        <include>Scrollanim</include>
        <control type="image">
          <animation effect="fade" time="200">VisibleChange</animation>
          <posx>-20</posx>
          <posy>381</posy>
          <width>900</width>
          <height>129</height>
          <texture border="32">images/slider.png</texture>
          <aspectratio>stretch</aspectratio>
        </control>
        <animation type="Conditional" condition="Control.HasFocus(9001) | ControlGroup(9000).HasFocus()">
          <effect type="fade" start="100" end="40" time="0" reversible="true" />
        </animation>
        <animation condition="Container(50).Position(0)" effect="slide" start="0,0" end="0,-355" time="140" reversible="true">Conditional</animation>
        <animation condition="Container(50).Position(1)" effect="slide" start="0,0" end="0,-274" time="140" reversible="true">Conditional</animation>
        <animation condition="Container(50).Position(2)" effect="slide" start="0,0" end="0,-193" time="140" reversible="true">Conditional</animation>
        <animation condition="Container(50).Position(3)" effect="slide" start="0,0" end="0,-112" time="140" reversible="true">Conditional</animation>
        <animation condition="Container(50).Position(4)" effect="slide" start="0,0" end="0,-31" time="140" reversible="true">Conditional</animation>
        <animation condition="Container(50).Position(5)" effect="slide" start="0,0" end="0,50" time="140" reversible="true">Conditional</animation>
        <animation condition="Container(50).Position(6)" effect="slide" start="0,0" end="0,131" time="140" reversible="true">Conditional</animation>
        <animation condition="Container(50).Position(7)" effect="slide" start="0,0" end="0,212" time="140" reversible="true">Conditional</animation>
        <animation condition="Container(50).Position(8)" effect="slide" start="0,0" end="0,293" time="140" reversible="true">Conditional</animation>
        <animation condition="Container(50).Position(9)" effect="slide" start="0,0" end="0,374" time="140" reversible="true">Conditional</animation>
        <animation condition="Container(50).Position(10)" effect="slide" start="0,0" end="0,455" time="140" reversible="true">Conditional</animation>
      </control>
      <control type="list" id="50">
        <posy>50</posy>
        <width>902</width>
        <height>801</height>
        <onleft>-</onleft>
        <onright>-</onright>
        <onup>50</onup>
        <ondown>50</ondown>
        <pagecontrol>60</pagecontrol>
        <focusposition>0</focusposition>
        <movement>5</movement>
        <scrolltime tween="sine" easing="inout">280</scrolltime>
        <itemlayout width="802" height="81">
          <control type="label" description="Main Label">
            <include>52MainLabel</include>
            <label>$INFO[ListItem.Label]</label>
          </control>
          <control type="label" description="Label 2">
            <posx>808</posx>
            <posy>0</posy>
            <height>81</height>
            <width>450</width>
            <font>size27</font>
            <scroll>false</scroll>
            <haspath>true</haspath>
            <align>right</align>
            <textcolor>Grey2</textcolor>
            <label>$INFO[ListItem.Label2]</label>
          </control>
          <control type="image" description="Icon">
            <animation condition="true" effect="fade" start="100" end="60" time="0">Conditional</animation>
            <posx>775</posx>
            <posy>0</posy>
            <height>81</height>
            <width>42</width>
            <aspectratio>keep</aspectratio>
            <texture>$INFO[ListItem.Icon]</texture>
          </control>
        </itemlayout>
        <focusedlayout width="802" height="81">
          <control type="label" description="Main Label">
            <include>52MainLabelFO</include>
            <label>$INFO[ListItem.Label]</label>
          </control>
          <control type="label" description="Label 2">
            <posx>808</posx>
            <posy>0</posy>
            <height>81</height>
            <width>450</width>
            <font>size27</font>
            <haspath>true</haspath>
            <align>right</align>
            <scroll>true</scroll>
            <textcolor>Grey2</textcolor>
            <label>$INFO[ListItem.Label2]</label>
          </control>
          <control type="image" description="Icon">
            <animation effect="fade" start="60" end="100" time="100" delay="200">Focus</animation>
            <posx>775</posx>
            <posy>0</posy>
            <height>81</height>
            <width>42</width>
            <aspectratio>keep</aspectratio>
            <texture>$INFO[ListItem.Icon]</texture>
          </control>
        </focusedlayout>
        <content>
		<item id="1" description="SkinSettingLock">
            <label>LOCK</label>
            <label2>$VAR[locksettings]</label2>
            <onclick>Skin.ToggleSetting(locksettings)</onclick>
          </item>
          <item id="3" description="Subtitles">
            <label>$LOCALIZE[424] $LOCALIZE[31015]</label>
            <label2>$INFO[Skin.String(SubtitleScript_Path)]</label2>
            <onclick>Skin.SetAddon(SubtitleScript_Path,xbmc.python.subtitles)</onclick>
          </item>
		   <item id="2" description="Lyrics">
            <label>$LOCALIZE[424] $LOCALIZE[24013] $LOCALIZE[24000]</label>
            <label2>$INFO[Skin.String(LyricPath)]</label2>
            <onclick>Skin.SetAddon(LyricPath,xbmc.python.lyrics)</onclick>
          </item>
          <item id="4" description="Scrollbars">
            <visible>Skin.HasSetting(Scrollbars_Active)</visible>
            <label>$LOCALIZE[31041]</label>
            <label2>$LOCALIZE[31042]</label2>
            <onclick>Skin.ToggleSetting(Scrollbars_Active)</onclick>
          </item>
          <item id="4" description="Scrollbars">
            <visible>!Skin.HasSetting(Scrollbars_Active)</visible>
            <label>$LOCALIZE[31041]</label>
            <label2>$LOCALIZE[31043]</label2>
            <onclick>Skin.ToggleSetting(Scrollbars_Active)</onclick>
          </item>
          <item id="5" description="Options dialog">
            <visible>Skin.HasSetting(ViewsMenuOff)</visible>
            <label>$LOCALIZE[31044]</label>
            <label2>$LOCALIZE[1223]</label2>
            <onclick>Skin.ToggleSetting(ViewsMenuOff)</onclick>
          </item>
          <item id="5" description="Options dialog">
            <visible>!Skin.HasSetting(ViewsMenuOff)</visible>
            <label>$LOCALIZE[31044]</label>
            <label2>$LOCALIZE[305]</label2>
            <onclick>Skin.ToggleSetting(ViewsMenuOff)</onclick>
          </item>
		   <item id="1" description="HomeColor">
            <label>31033</label>
            <label2>$VAR[colormenu]</label2>
            <onclick>Skin.ToggleSetting(colormenu)</onclick>
          </item>
          <item id="8" description="Home Customize">
            <label>31052</label>
            <onclick>ActivateWindow(1117)</onclick>
          </item>
          <item id="9" description="Quit button function">
            <label>$LOCALIZE[31049]</label>
            <label2 fallback="33061">$VAR[QuitLabel]</label2>
            <onclick>ActivateWindow(1114)</onclick>
          </item>
          <item id="13" description="RecordAnim">
            <visible>!Skin.HasSetting(RecordOff)</visible>
            <label>$LOCALIZE[31039]</label>
            <label2>$LOCALIZE[107]</label2>
            <onclick>Skin.ToggleSetting(RecordOff)</onclick>
          </item>
          <item id="13" description="RecordAnim">
            <visible>Skin.HasSetting(RecordOff)</visible>
            <label>$LOCALIZE[31039]</label>
            <label2>$LOCALIZE[106]</label2>
            <onclick>Skin.ToggleSetting(RecordOff)</onclick>
          </item>
          <item id="11" description="Show Clock">
            <visible>Skin.HasSetting(ShowClock)</visible>
            <label>$LOCALIZE[31047]</label>
            <label2>107</label2>
            <onclick>Skin.ToggleSetting(ShowClock)</onclick>
          </item>
          <item id="11" description="Show Clock">
            <visible>!Skin.HasSetting(ShowClock)</visible>
            <label>$LOCALIZE[31047]</label>
            <label2>106</label2>
            <onclick>Skin.ToggleSetting(ShowClock)</onclick>
          </item>
         
		  <item id="14" description="Music Default">
            <label>$LOCALIZE[31053]</label>
			<label2>$INFO[Skin.String(MusicLink)]</label2>
            <onclick>ActivateWindow(1121)</onclick>
          </item>
		<item id="15" description="Fusion">
            <label>Help Me Install Fusion</label>
			<label2>$VAR[FusionHelpStatus]</label2>
            <onclick>Skin.Reset(FirstRun)</onclick>
			<onclick>Skin.Reset(FusionHelp)</onclick>
			<onclick>Skin.Reset(FusionBack)</onclick>
          </item>
		  <item id="16" description="Custom Image for Shelf">
            <label>$LOCALIZE[31030]</label>
			<label2>$VAR[CustomImgStatus]</label2>
            <onclick condition="!Skin.HasSetting(CustomImage)">Skin.SetImage(ShelfCustomImage)</onclick>
			<onclick condition="Skin.HasSetting(CustomImage)">Skin.Reset(CustomImage)</onclick>
			<onclick condition="!Skin.HasSetting(CustomImage)">Skin.SetBool(CustomImage)</onclick>
          </item>
		   <item id="12" description="Reset Skin">
            <label>$LOCALIZE[31036]</label>
            <onclick>Skin.ResetSettings</onclick>
            <onclick>XBMC.ReloadSkin()</onclick>
            <icon>DefaultIconWarning.png</icon>
          </item>
        </content>
      </control>
    </control>
    <control type="image">
      <visible>Container(50).HasPrevious</visible>
      <animation effect="fade" time="200">VisibleChange</animation>
      <posx>945</posx>
      <posy>135</posy>
      <height>81</height>
      <width>952</width>
      <texture flipy="true">images/DefaultGradient.png</texture>
    </control>
    <control type="image">
      <animation effect="fade" time="200">VisibleChange</animation>
      <visible>Container(50).HasNext</visible>
      <posx>945</posx>
      <posy>963</posy>
      <height>81</height>
      <width>952</width>
      <texture>images/DefaultGradient.png</texture>
    </control>
    <control type="group" description="Left panel">
      <posx>270</posx>
      <posy>160</posy>
	  <control type="image" description="ColorMenu">
        <visible>Container(50).HasFocus(1)</visible>
        <include>Help_Panel</include>
        <texture>colormenu.png</texture>
      </control>
      <control type="image" description="Logo">
        <visible>Container(50).HasFocus(2) | Container(50).HasFocus(3)</visible>
        <include>Help_Panel</include>
        <texture>DefaultAddon.png</texture>
      </control>
      <control type="image" description="ScrollBars">
        <visible>Container(50).HasFocus(4)</visible>
        <include>Help_Panel</include>
        <texture>help/scrollbars.jpg</texture>
      </control>
      <control type="image" description="ScrollBars">
        <visible>Container(50).HasFocus(4) + !Skin.HasSetting(Scrollbars_Active)</visible>
        <include>Help_Panel</include>
        <texture>help/OFF.png</texture>
      </control>
      <control type="image" description="Menuviews">
        <visible>Container(50).HasFocus(5)</visible>
        <include>Help_Panel</include>
        <texture>help/OptionsMenu.jpg</texture>
      </control>
      <control type="image" description="Menuviews">
        <visible>Container(50).HasFocus(5) + Skin.HasSetting(ViewsMenuOff)</visible>
        <include>Help_Panel</include>
        <texture>help/OFF.png</texture>
      </control>
      <control type="image" description="shelf">
        <visible>Container(50).HasFocus(8)</visible>
        <include>Help_Panel</include>
        <texture>help/Homemenu.jpg</texture>
      </control>
      <control type="image" description="quits">
        <visible>Container(50).HasFocus(9)</visible>
        <include>Help_Panel</include>
        <texture>icons/Quits.png</texture>
      </control>
      <control type="image" description="clock">
        <visible>Container(50).HasFocus(11)</visible>
        <include>Help_Panel</include>
        <texture>help/Clock.jpg</texture>
      </control>
      <control type="image" description="clock">
        <visible>Container(50).HasFocus(11) + !Skin.HasSetting(ShowClock)</visible>
        <include>Help_Panel</include>
        <texture>help/Off.png</texture>
      </control>
      <control type="image" description="reset">
        <visible>Container(50).HasFocus(12)</visible>
        <include>Help_Panel</include>
        <texture>help/Warning.png</texture>
      </control>
      <control type="image" description="shelf">
        <visible>Container(50).HasFocus(13)</visible>
        <include>Help_Panel</include>
        <texture>help/Shelfrecord.jpg</texture>
      </control>
	  <control type="image" description="shelf">
        <visible>Container(50).HasFocus(13) + Skin.HasSetting(RecordOff)</visible>
        <include>Help_Panel</include>
        <texture>help/OFF.png</texture>
      </control>
	  <control type="image" description="shelf">
        <visible>Container(50).HasFocus(14)</visible>
        <include>Help_Panel</include>
        <texture>icons/music.png</texture>
      </control>
	  <control type="image" description="shelf">
        <visible>Container(50).HasFocus(15)</visible>
        <include>Help_Panel</include>
        <texture>help/Hub.png</texture>
      </control>
    </control>
    <control type="image" description="Line">
      <posx>150</posx>
      <posy>540</posy>
      <height>1</height>
      <width>660</width>
      <texture>images/Line.png</texture>
    </control>
    <control type="group" description="HelpInfos">
      <posx>170</posx>
      <posy>560</posy>
      <control type="textbox" description="ScrollBars">
        <visible>Container(50).HasFocus(4)</visible>
        <width>660</width>
        <height>380</height>
        <font>size33</font>
        <align>justify</align>
        <label>21383</label>
      </control>
      <control type="textbox" description="ViewsInfo">
        <visible>Container(50).HasFocus(5)</visible>
        <width>660</width>
        <height>380</height>
        <font>size33</font>
        <align>justify</align>
        <label>31054</label>
      </control>
      <control type="textbox" description="HomeShelf">
        <visible>Container(50).HasFocus(8)</visible>
        <width>660</width>
        <height>380</height>
        <font>size33</font>
        <align>justify</align>
        <label>31046</label>
      </control>
      <control type="textbox" description="HomeShelf">
        <visible>Container(50).HasFocus(9)</visible>
        <width>660</width>
        <height>380</height>
        <font>size33</font>
        <align>justify</align>
        <label>31022</label>
      </control>
      <control type="textbox" description="Subs">
        <visible>Container(50).HasFocus(2)</visible>
        <width>660</width>
        <height>380</height>
        <font>size33</font>
        <align>justify</align>
        <label>31018</label>
      </control>
      <control type="textbox" description="Lyrics">
        <visible>Container(50).HasFocus(3)</visible>
        <width>660</width>
        <height>380</height>
        <font>size33</font>
        <align>justify</align>
        <label>31017</label>
      </control>
      <control type="textbox" description="ColorMenu">
        <visible>Container(50).HasFocus(1)</visible>
        <width>660</width>
        <height>380</height>
        <font>size33</font>
        <align>justify</align>
        <label>$LOCALIZE[31008]</label>
      </control>
	  <control type="textbox" description="Record Animation">
        <visible>Container(50).HasFocus(11)</visible>
        <width>660</width>
        <height>380</height>
        <font>size33</font>
        <align>justify</align>
        <label>31019</label>
      </control>
      <control type="textbox" description="Record Animation">
        <visible>Container(50).HasFocus(13)</visible>
        <width>660</width>
        <height>380</height>
        <font>size33</font>
        <align>justify</align>
        <label>31020</label>
      </control>
	  <control type="textbox" description="Music links">
        <visible>Container(50).HasFocus(14)</visible>
        <width>660</width>
        <height>380</height>
        <font>size33</font>
        <align>justify</align>
        <label>31003</label>
      </control>
	  <control type="textbox" description="Fusion">
        <visible>Container(50).HasFocus(15)</visible>
        <width>660</width>
        <height>380</height>
        <font>size33</font>
        <align>justify</align>
        <label>31029</label>
      </control>
	  <control type="textbox" description="Custom Image">
        <visible>Container(50).HasFocus(16)</visible>
        <width>660</width>
        <height>380</height>
        <font>size33</font>
        <align>justify</align>
        <label>31031</label>
      </control>
    </control>
  </controls>
</window>
