﻿<?xml version="1.0" encoding="UTF-8"?>
<window id="128">
  <defaultcontrol always="true">10</defaultcontrol>
  <allowoverlay>no</allowoverlay>
  <include>OpenClose</include>
  <controls>
    <include>BlackBackground</include>
    <control type="group">
	<posy>150</posy>
	
      <control type="label" id="2" description="Heading">
        <width>1920</width>
        <font>size42</font>
        <label>1007</label>
        <align>center</align>
      </control>
	  
	    
	  
      <control type="spincontrolex" id="10">
        <description>Protocol</description>
        <posx>500</posx>
        <posy>90</posy>
        <width>920</width>
        <label>1008</label>
        <onup>18</onup>
        <ondown>11</ondown>
        <onleft>10</onleft>
        <onright>10</onright>
      </control>
      <control type="button" id="11" description="Server Name">
        <posx>500</posx>
        <posy>168</posy>
        <width>690</width>
        <align>left</align>
        <label>-</label>
        <onup>10</onup>
        <onleft>12</onleft>
        <onright>12</onright>
        <ondown>16</ondown>
       </control>
	   
      <control type="button" id="12" description="Server Browse">
        <posx>1190</posx>
        <posy>168</posy>
        <width>230</width>
        <label>1024</label>
        <onup>10</onup>
        <onleft>11</onleft>
        <onright>11</onright>
        <ondown>16</ondown>
      </control>
	  <control type="image" description="Separator">
	  <posx>400</posx>
	  <posy>80</posy>
	  <height>1</height>
	  <width>1120</width>
	  <texture>images/Line.png</texture>
	  </control>
	  <control type="image" description="Separator">
	  <posx>400</posx>
	  <posy>260</posy>
	  <height>1</height>
	  <width>1120</width>
	  <texture>images/Line.png</texture>
	  </control>
	  <control type="image" description="Separator">
	  <posx>400</posx>
	  <posy>605</posy>
	  <height>1</height>
	  <width>1120</width>
	  <texture>images/Line.png</texture>
	  </control>
	  
	  
	  
      <control type="group">
        <posx>0</posx>
        <posy>45</posy>
        <control type="edit" id="16" description="Shared folder">
          <posx>500</posx>
          <posy>231</posy>
          <width>920</width>
          <label>-</label>
          <onup>11</onup>
          <onleft>16</onleft>
          <onright>16</onright>
          <ondown>13</ondown>
        </control>
        <control type="button" id="13">
          <description>Port</description>
          <posx>500</posx>
          <posy>306</posy>
          <width>920</width>
          <label>1013</label>
          <onup>16</onup>
          <onleft>13</onleft>
          <onright>13</onright>
          <ondown>14</ondown>
           </control>
        <control type="edit" id="14" description="Username">
          <posx>500</posx>
          <posy>381</posy>
          <width>920</width>
          <align>left</align>
          <label>1014</label>
          <onup>13</onup>
          <onleft>14</onleft>
          <onright>14</onright>
          <ondown>15</ondown>
         </control>
        <control type="edit" id="15" description="Password">
          <posx>500</posx>
          <posy>459</posy>
          <width>920</width>
          <align>left</align>
          <label>15052</label>
          <onup>14</onup>
          <onleft>15</onleft>
          <onright>15</onright>
          <ondown>18</ondown>
        </control>
      </control>
      <control type="button" id="18" description="Ok">
        <posx>600</posx>
        <posy>630</posy>
        <width>300</width>
        <label>186</label>
        <onup>15</onup>
        <onleft>19</onleft>
        <onright>19</onright>
        <ondown>10</ondown>
      </control>
      <control type="button" id="19" description="Cancel">
        <posx>1020</posx>
        <posy>630</posy>
        <width>300</width>
        <label>222</label>
        <onup>15</onup>
        <onleft>18</onleft>
        <onright>18</onright>
        <ondown>10</ondown>
      </control>
    </control>
  </controls>
</window>