<window>
	<defaultcontrol always="true">5</defaultcontrol>
	
		<posx>240</posx>
		<posy>100</posy>
		
	<include>DialogOpenClose</include>
	<controls>
		 <control type="image">
        <posx>270</posx>
        <width>1360</width>
        <height>1080</height>
        <texture border="150">images/Dialog.png</texture>
      </control>
		<control type="group">
		<posx>450</posx>
		<posy>150</posy>
		<control type="label" id="2">
			<description>header label</description>
			<posy>20</posy>
			<width>1020</width>
			<height>30</height>
			<label>587</label>
			<align>center</align>
			<aligny>center</aligny>
			<font>Size42B</font>
			<textcolor>White</textcolor>
			<shadowcolor>black</shadowcolor>
		</control>
		<!--<control type="button">
			<description>Close Window button</description>
			<posx>10</posx>
			<posy>15</posy>
			<width>64</width>
			<height>32</height>
			<label>-</label>
			<onclick>PreviousMenu</onclick>
			<onleft>10</onleft>
			<onright>10</onright>
			<onup>10</onup>
			<ondown>10</ondown>
			<textcolor>White</textcolor>
			<visible>system.getbool(input.enablemouse)</visible>
		</control>-->

		<control type="grouplist" id="5">
			<description>control area</description>
			<posy>80</posy>
			<width>1000</width>
			<height>750</height>
			<itemgap>10</itemgap>
			<pagecontrol>6</pagecontrol>
			<onup>9001</onup>
			<ondown>9001</ondown>
			<onleft>9001</onleft>
			<onright>6</onright>
		</control>
	<control type="scrollbar" id="6">
			<posx>220</posx>
			<posy>0</posy>
			<width>22</width>
			<height>390</height>
			<texturesliderbackground>images/slider_bg.png</texturesliderbackground>
			<texturesliderbar>images/slider_bg.png</texturesliderbar>
			<texturesliderbarfocus>images/slider_bg.png</texturesliderbarfocus>
			<textureslidernib>images/slider_nib.png</textureslidernib>
			<textureslidernibfocus>images/slider_nib.png</textureslidernibfocus>
			<onleft>5</onleft>
			<onright>9001</onright>
			<showonepage>false</showonepage>
			<orientation>vertical</orientation>
		</control>

		<control type="button" id="7">
			<description>Default Button</description>
			<height>60</height>
			<align>left</align>
		</control>
		<control type="radiobutton" id="8">
			<description>Default RadioButton</description>
			<height>60</height>
			<textcolor>White</textcolor>
		</control>
		<control type="spincontrolex" id="9">
			<description>Default SpinControlex</description>
			<height>60</height>
			<textcolor>White</textcolor>
			<align>left</align>
			<aligny>center</aligny>
			<reverse>yes</reverse>
		</control>
		<control type="sliderex" id="10">
			<description>Default Slider</description>
			<height>60</height>
			<disabledcolor>Grey</disabledcolor>
			<textcolor>White</textcolor>
			<align>left</align>
			<aligny>center</aligny>
			 <texturesliderbar>images/slider_bg.png</texturesliderbar>
                        <textureslidernib>images/slider_nib_nf.png</textureslidernib>
                        <textureslidernibfocus>images/slider_nib.png</textureslidernibfocus>
                        <sliderwidth>220</sliderwidth>
                        <sliderheight>30</sliderheight>
		</control>
		<control type="edit" id="12">
			<description>Default Edit</description>
			<height>60</height>
			<textcolor>White</textcolor>
		</control>

		<control type="group" id="9001">
			<posx>305</posx>
			<posy>720</posy>
			<control type="button" id="28">
				<description>Ok Button</description>
				<width>200</width>
				<height>60</height>
				<align>center</align>
				<aligny>center</aligny>
				<label>186</label>
				<onup>5</onup>
				<onleft>27</onleft>
				<onright>27</onright>
				<ondown>5</ondown>
			</control>
			<control type="button" id="27">
				<description>Clear Button</description>
				<posx>210</posx>
				<width>200</width>
				<height>60</height>
				<align>center</align>
				<aligny>center</aligny>
				<label>192</label>
				<onup>5</onup>
				<onleft>28</onleft>
				<onright>28</onright>
				<ondown>5</ondown>
			</control>
		</control>
		</control>
	</controls>
</window>
