<?xml version="1.0" encoding="UTF-8"?>
<window type="dialog" id="115">
  <defaultcontrol always="true">901</defaultcontrol>
  <allowoverlay>yes</allowoverlay>
  <zorder>5</zorder>
  <include>OpenClose</include>
  <visible>![Window.IsVisible(SliderDialog) | Window.IsVisible(OSDVideoSettings) | Window.IsVisible(OSDAudioSettings) | Window.IsVisible(VideoBookmarks) | Window.IsActive(script-XBMC-Subtitles-main.xml)]</visible>
  <visible>Window.IsVisible(FullScreenVideo) + [Window.IsActive(videoosd.xml) | Player.Seeking | Player.DisplayAfterSeek | Player.Paused | Player.Forwarding | Player.Rewinding | Player.Caching]</visible>
  <animation effect="fade" start="0" end="100" time="400">Visible</animation>
  <animation effect="fade" start="100" end="0" time="100">Hidden</animation>
  <controls>
    <control type="group" description="Top Bar">
      <visible>!Window.IsActive(142)</visible>
      <animation effect="fade" start="0" end="70" time="400">Visible</animation>
      <animation effect="fade" start="70" end="0" time="100">Hidden</animation>
      <control type="label" description="Clock">
        <posx>60</posx>
        <posy>-5</posy>
        <width>695</width>
        <height>60</height>
        <font>size33B</font>
        <textcolor>White</textcolor>
        <label>$LOCALIZE[142] $INFO[System.Time]</label>
      </control>
      <control type="label">
        <posx>60</posx>
        <posy>50</posy>
        <width>495</width>
        <height>30</height>
        <label>[B]$INFO[Player.Time][/B]</label>
        <font>size26</font>
      </control>
      <control type="label" description="End time">
        <posx>60r</posx>
        <posy>-5</posy>
        <width>695</width>
        <height>60</height>
        <align>right</align>
        <font>size33B</font>
        <textcolor>White</textcolor>
        <label>$LOCALIZE[31005]: $INFO[Player.FinishTime]</label>
      </control>
      <control type="label">
        <posx>60r</posx>
        <posy>50</posy>
        <height>30</height>
        <width>195</width>
        <align>right</align>
        <label>[B]- $INFO[Player.TimeRemaining][/B]</label>
        <font>size26</font>
      </control>
      <control type="label" description="Next item">
        <visible>!IsEmpty(VideoPlayer.NextTitle)</visible>
        <posx>300</posx>
        <posy>1</posy>
        <width>1320</width>
        <height>60</height>
        <align>center</align>
        <aligny>center</aligny>
        <font>size26</font>
        <textcolor>Silver</textcolor>
        <label>$INFO[VideoPlayer.NextTitle,[COLOR=Grey]$LOCALIZE[209]:  [/COLOR]]</label>
      </control>
    </control>
    <control type="group">
      <control type="label" description="Seek time label">
        <visible>![player.forwarding | player.rewinding]</visible>
        <visible>Player.DisplayAfterSeek</visible>
        <include>SeekbarLabels</include>
        <label>$INFO[Player.SeekOffset]</label>
      </control>
    </control>
    <control type="group">
      <posy>932</posy>
      <control type="image" description="Background">
        <posx>0</posx>
        <width>1920</width>
        <height>68</height>
        <texture>Seekbar/Barback.png</texture>
      </control>
      <control type="progress" description="Cache Progress">
	  <visible>Player.Caching</visible>
        <posx>255</posx>
		<posy>-28</posy>
        <width>1410</width>
        <height>68</height>
        <texturebg>Seekbar/VideoProgressBG.png</texturebg>
        <midtexture>Seekbar/bufferM.png</midtexture>
        <lefttexture>Seekbar/bufferL.png</lefttexture>
        <righttexture>Seekbar/bufferR.png</righttexture>
        <info>Player.ProgressCache</info>
      </control>
      <control type="progress" id="23" description="Progress Bar">
        <posx>255</posx>
        <width>1410</width>
        <height>68</height>
        <texturebg>Seekbar/BG.png</texturebg>
        <midtexture border="2,2,2,2">Seekbar/M.png</midtexture>
        <lefttexture border="0,2,0,2">Seekbar/L.png</lefttexture>
        <righttexture border="0,2,0,2">Seekbar/R.png</righttexture>
        <info>Player.Progress</info>
        <visible>true</visible>
      </control>
    </control>
    <control type="group" description="Icons on Seekbar">
      <posy>934</posy>
      <posx>156</posx>
      <control type="image" description="Buffer icon">
        <visible>Player.Caching</visible>
        <posx>0</posx>
        <include>OSDbarIcons</include>
        <texture border="2">busy/Busy.png</texture>
        <animation effect="rotate" start="360" end="0" center="auto" time="1200" loop="true" pulse="true" condition="true">conditional</animation>
      </control>
      <control type="image" description="Pause">
        <visible>Player.Paused + !Player.Caching</visible>
        <posx>10</posx>
        <include>OSDbarIcons</include>
        <texture border="2">Seekbar/OSDPauseNf.png</texture>
      </control>
      <control type="image" description="Play">
        <visible>player.playing</visible>
        <posx>10</posx>
        <include>OSDbarIcons</include>
        <texture border="2">Seekbar/OSDPlayNF.png</texture>
      </control>
      <control type="image" description="FF">
        <posx>-10</posx>
        <visible>player.forwarding2x | player.forwarding4x | player.forwarding8x | player.forwarding16x | player.forwarding32x</visible>
        <include>OSDbarIcons</include>
        <texture border="2">Seekbar/OSDPlayNF.png</texture>
      </control>
      <control type="image" description="FFFF">
        <visible>player.forwarding4x | player.forwarding8x | player.forwarding16x | player.forwarding32x</visible>
        <posx>0</posx>
        <include>OSDbarIcons</include>
        <texture border="2">Seekbar/OSDPlayNF.png</texture>
      </control>
      <control type="image" description="2FFFF">
        <visible>player.forwarding8x | player.forwarding16x | player.forwarding32x</visible>
        <posx>10</posx>
        <include>OSDbarIcons</include>
        <texture border="2">Seekbar/OSDPlayNF.png</texture>
      </control>
      <control type="image" description="4FFFF">
        <visible>player.forwarding16x | player.forwarding32x</visible>
        <posx>20</posx>
        <include>OSDbarIcons</include>
        <texture border="2">Seekbar/OSDPlayNF.png</texture>
      </control>
      <control type="image" description="8FFFF">
        <visible>player.forwarding32x</visible>
        <posx>30</posx>
        <include>OSDbarIcons</include>
        <texture border="2">Seekbar/OSDPlayNF.png</texture>
      </control>
       <control type="image" description="RF">
        <posx>-10</posx>
        <visible>player.rewinding2x | player.rewinding4x | player.rewinding8x | player.rewinding16x | player.rewinding32x</visible>
        <include>OSDbarIcons</include>
        <texture border="2" flipx="true">Seekbar/OSDPlayNF.png</texture>
      </control>
      <control type="image" description="RFFF">
        <visible>player.rewinding4x | player.rewinding8x | player.rewinding16x | player.rewinding32x</visible>
        <posx>0</posx>
        <include>OSDbarIcons</include>
        <texture border="2" flipx="true">Seekbar/OSDPlayNF.png</texture>
      </control>
      <control type="image" description="2RFFF">
        <visible>player.rewinding8x | player.rewinding16x | player.rewinding32x</visible>
        <posx>10</posx>
        <include>OSDbarIcons</include>
        <texture border="2" flipx="true">Seekbar/OSDPlayNF.png</texture>
      </control>
      <control type="image" description="4RFFF">
        <visible>player.rewinding16x | player.rewinding32x</visible>
        <posx>20</posx>
        <include>OSDbarIcons</include>
        <texture border="2" flipx="true">Seekbar/OSDPlayNF.png</texture>
      </control>
      <control type="image" description="8RFFF">
        <visible>player.rewinding32x</visible>
        <posx>30</posx>
        <include>OSDbarIcons</include>
        <texture border="2" flipx="true">Seekbar/OSDPlayNF.png</texture>
      </control>
    </control>
	<control type="image">
	<visible>!PLayer.Paused</visible>
	<posx>1500</posx>
	<posy>750</posy>
	<width>100</width>
	<height>100</height>
	<texture>$INFO[VideoPlayer.mpaa,Mpaa/,.png]</texture>
	<colordiffuse>77FFFFFF</colordiffuse>
	</control>
  </controls>
</window>
