﻿<?xml version="1.0" encoding="UTF-8"?>
<window id="3">
  <defaultcontrol always="true">20</defaultcontrol>
  <allowoverlay>no</allowoverlay>
  <include>OpenClose</include>
  <onunload condition="!Skin.HasSetting(FirstRun)">Skin.SetBool(FirstRun)</onunload>
  <controls>
    <include>BlackBackground</include>
	<control type="label">
	<visible>!Skin.HasSetting(FirstRun) + Skin.HasSetting(FusionHelp) + !Skin.HasSetting(FusionBack)</visible>
	<posx>300</posx>
	<posy>80</posy>
	<width>500</width>
	<height>50</height>
	<font>Size42B</font>
	<textcolor>Yellow</textcolor>
	<label>SELECT $LOCALIZE[1026]</label>
	</control>
	
    <include>Header</include>
    <control type="label" description="Heading">
      <include>Heading</include>
      <label>7</label>
    </control>
    <control type="image" description="Line Splitter">
      <posx>960</posx>
      <posy>150</posy>
      <height>930</height>
      <width>1</width>
      <texture>images/LineV.png</texture>
    </control>
    <control type="group" description="Left panel">
      <posx>75</posx>
      <posy>40</posy>
      <animation condition="!Control.HasFocus(20)" effect="fade" start="100" end="50" time="20" reversible="true">Conditional</animation>
      <control type="label" id="101" description="Header Label">
        <posx>-30</posx>
        <width>900</width>
        <align>left</align>
        <label>-</label>
        <font>size30B</font>
        <haspath>true</haspath>
        <textcolor>Yellow</textcolor>
        <shadowcolor>black</shadowcolor>
      </control>
      <control type="list" id="20" description="Left File List">
        <posx>30</posx>
        <posy>126</posy>
        <width>840</width>
        <height>850</height>
        <onleft>60</onleft>
        <onright>21</onright>
        <onup>20</onup>
        <ondown>20</ondown>
        <pagecontrol>60</pagecontrol>
        <itemlayout height="60" width="840">
		<control type="label">
            <posx>15</posx>
            <width>790</width>
            <height>60</height>
            <font>size26</font>
			<aligny>center</aligny>
            <textcolor>White</textcolor>
			<selectedcolor>Yellow</selectedcolor>
            <info>ListItem.Label</info>
          </control>
          <control type="label">
            <posx>820</posx>
            <height>60</height>
            <width>150</width>
            <font>size27</font>
			<align>right</align>
			<aligny>center</aligny>
            <textcolor>Silver</textcolor>
            <info>ListItem.Label2</info>
          </control>
		  
        </itemlayout>
        <focusedlayout height="60" width="840">

<control type="label">
            <posx>15</posx>
            <posy>0</posy>
            <width>820</width>
            <height>60</height>
            <font>size26</font>
			<aligny>center</aligny>
            <textcolor>White</textcolor>
            <info>ListItem.Label</info>
          </control>
       
          <control type="label">
            <posx>820</posx>
            <height>60</height>
            <width>150</width>
            <font>size27</font>
			<align>right</align>
			<aligny>center</aligny>
            <textcolor>Silver</textcolor>
            <info>ListItem.Label2</info>
          </control>
		  <control type="image">
            <visible>Control.HasFocus(20)</visible>
            <width>830</width>
            <height>60</height>
            <texture border="8">Images/Buttonselect.png</texture>
          </control>
        </focusedlayout>
      </control>
      <control type="label" id="12" description="itemcount">
        <posx>-30</posx>
        <posy>40</posy>
        <width>480</width>
        <align>left</align>
        <font>size26</font>
        <textcolor>Grey</textcolor>
        <label>-</label>
      </control>
    </control>
    <control type="group" description="Right panel">
      <posx>975</posx>
      <posy>40</posy>
      <animation condition="!Control.HasFocus(21)" effect="fade" start="100" end="60" time="20" reversible="true">Conditional</animation>
      <control type="label" id="102" description="Right Header Label">
        <posx>45r</posx>
        <width>900</width>
        <align>right</align>
        <label>-</label>
        <font>size30B</font>
        <haspath>true</haspath>
        <textcolor>Yellow</textcolor>
        <shadowcolor>black</shadowcolor>
      </control>
      <control type="list" id="21" description="Right File List">
        <posx>0</posx>
        <posy>126</posy>
        <width>840</width>
        <height>850</height>
        <onleft>20</onleft>
        <onright>61</onright>
        <onup>21</onup>
        <ondown>21</ondown>
        <pagecontrol>61</pagecontrol>
        <itemlayout height="60" width="840">
         
          <control type="label">
            <posx>15r</posx>
            <width>790</width>
            <height>60</height>
            <font>size26</font>
			<align>right</align>
			<aligny>center</aligny>
            <textcolor>White</textcolor>
            <info>ListItem.Label</info>
          </control>
          <control type="label">
            <posx>820r</posx>
            <height>60</height>
            <width>150</width>
            <font>size27</font>
			<aligny>center</aligny>
            <textcolor>Silver</textcolor>
            <info>ListItem.Label2</info>
          </control>
		  
        </itemlayout>
        <focusedlayout height="60" width="840">
          
          <control type="label">
            <posx>15r</posx>
            <width>790</width>
            <height>60</height>
            <font>size26</font>
			<align>right</align>
			<aligny>center</aligny>
            <textcolor>White</textcolor>
            <info>ListItem.Label</info>
          </control>
          <control type="label">
            <posx>820r</posx>
            <height>60</height>
            <width>150</width>
            <font>size27</font>
			<aligny>center</aligny>
            <textcolor>Silver</textcolor>
            <info>ListItem.Label2</info>
          </control>
		  <control type="image">
            <visible>Control.HasFocus(21)</visible>
            <posx>10</posx>
            <width>830</width>
            <height>60</height>
            <texture border="8">Images/Buttonselect.png</texture>
          </control>
        </focusedlayout>
      </control>
      <control type="label" id="13" description="itemcount">
        <posx>50r</posx>
        <posy>40</posy>
        <width>480</width>
        <align>right</align>
        <font>size26</font>
        <textcolor>Grey</textcolor>
        <label>-</label>
      </control>
    </control>
    <control type="scrollbar" id="60">
      <posx>60</posx>
      <posy>175</posy>
      <height>810</height>
      <onleft>20</onleft>
      <onright>20</onright>
    </control>
    <control type="scrollbar" id="61">
      <posx>60r</posx>
      <posy>175</posy>
      <height>810</height>
      <onleft>21</onleft>
      <onright>21</onright>
    </control>
	<control type="label">
	<visible>!Skin.HasSetting(FirstRun) + Skin.HasSetting(FusionHelp) + Skin.HasSetting(FusionBack)</visible>
	<posx>300</posx>
	<posy>80</posy>
	<width>1300</width>
	<height>200</height>
	<font>Size42B</font>
	 <wrapmultiline>true</wrapmultiline>
	<textcolor>Yellow</textcolor>
	<align>center</align>
	<label>GO BACK TO ADDONS AND SELECT "INSTALL FROM ZIP FILE" SELECT "FUSION" AND INSTALL ANY REPOSITORIES YOU'D LIKE TO!</label>
	</control>
  </controls>
</window>