<?xml version="1.0" encoding="UTF-8"?>
<window id="0">
  <defaultcontrol always="true">9000</defaultcontrol>
  <allowoverlay>no</allowoverlay>
  <onload>SetProperty(SkinWidgets_RandomItems_Update,true)</onload>
  <include>OpenClose</include>
  <controls>
    <include>BlackBackground</include>
    <include>Header</include>
    <control type="group" description="Furniture">
	<animation condition="!Container(9000).Row(0) | Container(9000).HasPrevious()" effect="slide" start="0,0" end="0,-500" time="220">Conditonal</animation>
      <control type="image" description="Stage">
	  
        <width>1920</width>
        <height>1080</height>
        <aspectratio>stretch</aspectratio>
        <texture>images/HomeBG.png</texture>
      </control>
      <control type="image" description="Line">
        <posx>-90</posx>
        <posy>503</posy>
        <width>2100</width>
        <height>1</height>
        <aspectratio>stretch</aspectratio>
        <texture>images/Line1.png</texture>
      </control>
    </control>
    <control type="button" id="9009">
      <animation effect="slide" condition="[Control.IsVisible(311) + !Skin.HasSetting(Intruder) + !Container(311).HasPrevious] | [Control.IsVisible(311) + !Container(311).HasPrevious + Player.HasVideo]" end="320,0">Conditional</animation>
      <animation effect="slide" condition="Control.IsVisible(312) + !Skin.HasSetting(IntruderTV) + !Container(312).HasPrevious" end="520,0">Conditional</animation>
      <visible allowhiddenfocus="true">Control.HasFocus(9009)</visible>
      <posx></posx>
      <posy>26</posy>
      <width>34</width>
      <height>34</height>
      <texturefocus aspectratio="keep">images/hometoggle.png</texturefocus>
      <onclick  condition="Control.IsVisible(311)">Skin.ToggleSetting(MoviesShelfWL)</onclick>
      <onclick  condition="Control.IsVisible(312)">Skin.ToggleSetting(TVShelf_Watchlist)</onclick>
      <onclick>ReplaceWindow(0)</onclick>
      <onup>-</onup>
      <ondown condition="Control.IsVisible(311)">311</ondown>
      <ondown condition="Control.IsVisible(312)">312</ondown>
      <onleft>-</onleft>
      <onright>-</onright>
    </control>
    <control type="panel" id="9000" description="ICONE">
	<animation condition="!Container(9000).Row(0) | Container(9000).HasPrevious()" effect="slide" start="0,0" end="0,-500" time="220">Conditonal</animation>
      <width>1800</width>
      <height>1080</height>
      <posy>518</posy>
      <posx>60</posx>
      <onleft>9000</onleft>
      <onright>9000</onright>
      <onup>700</onup>
      <ondown>-</ondown>
      <orientation>vertical</orientation>
      <scrolltime tween="sine" easing="inout">280</scrolltime>
      <itemlayout height="230" width="300">
	  <control type="image" description="THMBSBASE">
	  <visible>Skin.HasSetting(colormenu)</visible>
		<posx>20</posx>
          <posy>48</posy>
          <width>260</width>
          <height>168</height>
		  <colordiffuse>FF333333</colordiffuse>
          <texture>icons/base.png</texture>
        </control>
		<control type="image" description="THMBSBASECOLOR">
          <visible>!Skin.HasSetting(colormenu)</visible>
		  <posx>20</posx>
          <posy>48</posy>
          <width>260</width>
          <height>168</height>
          <texture>$INFO[ListItem.Property(color)]</texture>
        </control>
        <control type="image" description="THMBSICONS">
          
		  <posx>20</posx>
          <posy>48</posy>
          <width>260</width>
          <height>168</height>
           <texture diffuse="images/diffusehome.png">$INFO[ListItem.thumb]</texture>
        </control>
        <control type="image" description="THMBS weather">
		<posx>20</posx>
          <posy>48</posy>
          <width>260</width>
          <height>168</height>
          <texture>$INFO[ListItem.Property(weatherthumb)]</texture>
		  <aspectratio>keep</aspectratio>
        </control>
        <control type="image" description="OVERLAY">
		<posx>20</posx>
          <posy>48</posy>
          <width>260</width>
          <height>168</height>
          <texture>icons/overlay.png</texture>
        </control>
        <control type="label" description="LABEL">
          <posx>150</posx>
          <posy>220</posy>
          <width>300</width>
          <height>24</height>
          <font>size24</font>
          <align>center</align>
          <textcolor>White</textcolor>
          <label>[B]$INFO[ListItem.label][/B]</label>
        </control>
      </itemlayout>
	  
      <focusedlayout height="230" width="300">
        <control type="image" description="THMBSBASE">
          <visible>!Skin.HasSetting(colormenu)</visible>
		  <posx>20</posx>
          <posy>48</posy>
          <width>260</width>
          <height>168</height>
          <texture>$INFO[ListItem.Property(color)]</texture>
        </control>
		<control type="image" description="THMBSBASE">
	  <visible>Skin.HasSetting(colormenu)</visible>
		<posx>20</posx>
          <posy>48</posy>
          <width>260</width>
          <height>168</height>
		  <colordiffuse>FF333333</colordiffuse>
          <texture>icons/base.png</texture>
        </control>
        <control type="image" description="THMBSBASE">
		<visible>Skin.HasSetting(colormenu)</visible>
          <animation condition="Skin.HasSetting(colormenu)" effect="fade" start="0" end="100" time="100" delay="220" reversible="true">Focus</animation>
          <animation condition="Skin.HasSetting(colormenu)" effect="fade" start="100" end="0" time="180" reversible="true">unFocus</animation>
		  <posx>20</posx>
          <posy>48</posy>
          <width>260</width>
          <height>168</height>
          <texture>$INFO[ListItem.Property(color)]</texture>
        </control>
        <control type="image" description="THMBSICONS">
		<posx>20</posx>
          <posy>48</posy>
          <width>260</width>
          <height>168</height>
          <texture diffuse="images/diffusehome.png">$INFO[ListItem.thumb]</texture>
        </control>
		<control type="image" description="THMBS WEATHER">
		<posx>20</posx>
          <posy>48</posy>
          <width>260</width>
          <height>168</height>
          <texture>$INFO[ListItem.Property(weatherthumb)]</texture>
		  <aspectratio>keep</aspectratio>
        </control>
		<control type="image" description="THMBSOVERLAY">
		<posx>20</posx>
          <posy>48</posy>
          <width>260</width>
          <height>168</height>
          <texture>icons/overlay.png</texture>
        </control>
        <control type="label" description="label">
          <animation effect="fade" start="80" end="100" time="300=" delay="300">Focus</animation>
          <posx>150</posx>
          <posy>220</posy>
          <width>300</width>
          <height>24</height>
          <font>size24</font>
          <align>center</align>
          <textcolor>White2</textcolor>
          <label>[B]$INFO[ListItem.label][/B]</label>
        </control>
      </focusedlayout>
      <content>
	  <item id="355">
	  <visible>Skin.HasSetting(hidemovie) + Skin.HasSetting(hidetv)  + !Skin.HasSetting(hidevaddons)</visible>
          <thumb>icons/vaddons.png</thumb>
          <label>$LOCALIZE[157] $LOCALIZE[24001]</label>
          <onclick>-</onclick>
          <onclick>-</onclick>
	  </item>
        <item id="340">
          <visible>!Skin.HasSetting(hidemovie)</visible>
          <thumb>icons/Movies.png</thumb>
          <label>342</label>
		   <property name="color">icons/lightblue.png</property>
          <onclick condition="Library.HasContent(Movies)">ActivateWindow(Videos,MovieTitles,return)</onclick>
          <onclick condition="!Library.HasContent(Movies)">ActivateWindow(Videos,root)</onclick>
		</item>
        <item id="341">
          <visible>!Skin.HasSetting(hidetv)</visible>
          <thumb>icons/TVshows.png</thumb>
          <label>20343</label>
		  <property name="color">icons/purple.png</property>
          <onclick condition="Library.HasContent(TVShows)">ActivateWindow(VideoLibrary,TVShowTitles,return)</onclick>
          <onclick condition="!Library.HasContent(TVShows)">ActivateWindow(Videos,root)</onclick>
        </item>
        <item id="342">
          <visible>!Skin.HasSetting(hidemusic)</visible>
          <thumb>icons/Music.png</thumb>
          <label>2</label>
		  <property name="color">icons/Orange.png</property>
          <onclick>ActivateWindow(502,$INFO[Skin.String(MusicLink)])</onclick>
          <onclick condition="!Library.HasContent(Music)">ActivateWindow(501,root)</onclick>
        </item>
        <item id="343">
          <visible>!Skin.HasSetting(hideaddon)</visible>
          <thumb>icons/Addons.png</thumb>
          <label>24001</label>
		  <property name="color">icons/Green.png</property>
          <onclick>ActivateWindow(1118)</onclick>
        </item>
        <item id="344">
          <visible>!Skin.HasSetting(hidepic)</visible>
          <thumb>icons/Photos.png</thumb>
          <label>1</label>
		  <property name="color">icons/darkblue.png</property>
          <onclick>ActivateWindow(2)</onclick>
        </item>
        <item id="345">
          <visible>!Skin.HasSetting(hidewtr)</visible>
          <thumb>-</thumb>
		  <property name="weatherthumb">$INFO[Weather.Conditions]</property>
          <label>$INFO[Weather.Temperature]</label>
		  <property name="color">icons/teak.png</property>
          <onclick>ActivateWindow(MyWeather)</onclick>
        </item>
		
		<item id="601" description="Custom Fvourite">
		 <visible>!IsEmpty(Skin.String(HomeFav.1.Label))</visible>
             <thumb>$INFO[Skin.String(HomeFav.1.Icon)]</thumb>
            <label>$INFO[Skin.String(HomeFav.1.Label)]</label>
			<property name="color">icons/base.png</property>
            <onclick>$INFO[Skin.String(HomeFav.1.Path)]</onclick>
		</item>
		<item id="602" description="Custom Fvourite">
		 <visible>!IsEmpty(Skin.String(HomeFav.2.Label))</visible>
            <thumb>$INFO[Skin.String(HomeFav.2.Icon)]</thumb>
            <label>$INFO[Skin.String(HomeFav.2.Label)]</label>
			<property name="color">icons/base.png</property>
            <onclick>$INFO[Skin.String(HomeFav.2.Path)]</onclick>
		</item>
		<item id="603" description="Custom Fvourite">
		 <visible>!IsEmpty(Skin.String(HomeFav.3.Label))</visible>
             <thumb>$INFO[Skin.String(HomeFav.3.Icon)]</thumb>
            <label>$INFO[Skin.String(HomeFav.3.Label)]</label>
			<property name="color">icons/base.png</property>
            <onclick>$INFO[Skin.String(HomeFav.3.Path)]</onclick>
		</item>
		<item id="604" description="Custom Fvourite">
		 <visible>!IsEmpty(Skin.String(HomeFav.4.Label))</visible>
             <thumb>$INFO[Skin.String(HomeFav.4.Icon)]</thumb>
            <label>$INFO[Skin.String(HomeFav.4.Label)]</label>
			<property name="color">icons/base.png</property>
            <onclick>$INFO[Skin.String(HomeFav.4.Path)]</onclick>
		</item>
		<item id="605" description="Custom Fvourite">
		 <visible>!IsEmpty(Skin.String(HomeFav.5.Label))</visible>
             <thumb>$INFO[Skin.String(HomeFav.5.Icon)]</thumb>
            <label>$INFO[Skin.String(HomeFav.5.Label)]</label>
			<property name="color">icons/base.png</property>
            <onclick>$INFO[Skin.String(HomeFav.5.Path)]</onclick>
		</item>
		<item id="606" description="Custom Fvourite">
		 <visible>!IsEmpty(Skin.String(HomeFav.6.Label))</visible>
             <thumb>$INFO[Skin.String(HomeFav.6.Icon)]</thumb>
            <label>$INFO[Skin.String(HomeFav.6.Label)]</label>
			<property name="color">icons/base.png</property>
            <onclick>$INFO[Skin.String(HomeFav.6.Path)]</onclick>
		</item>
		
		<item id="401" description="Custom addon">
		<visible>!IsEmpty(Skin.String(HomeAddon.1.Label))</visible>
		<thumb>$INFO[system.addonicon(Skin.String(HomeAddon.1.label))]</thumb>
		  <label>$INFO[system.addonTitle(Skin.String(HomeAddon.1.Label))]</label>
		  <property name="color">icons/red.png</property>
          <onclick>RunAddon($INFO[Skin.String(HomeAddon.1.Label)])</onclick>
		</item>
		<item id="402" description="Custom addon">
		<visible>!IsEmpty(Skin.String(HomeAddon.2.Label))</visible>
		<thumb>$INFO[system.addonicon(Skin.String(HomeAddon.2.label))]</thumb>
         <label>$INFO[system.addonTitle(Skin.String(HomeAddon.2.Label))]</label>
		 <property name="color">icons/red.png</property>
          <onclick>RunAddon($INFO[Skin.String(HomeAddon.2.Label)])</onclick>
		</item>
		<item id="403" description="Custom addon">
		<visible>!IsEmpty(Skin.String(HomeAddon.3.Label))</visible>
		<thumb>$INFO[system.addonicon(Skin.String(HomeAddon.3.label))]</thumb>
		  <label>$INFO[system.addonTitle(Skin.String(HomeAddon.3.Label))]</label>
		  <property name="color">icons/red.png</property>
          <onclick>RunAddon($INFO[Skin.String(HomeAddon.3.Label)])</onclick>
		</item>
		<item id="404" description="Custom addon">
		<visible>!IsEmpty(Skin.String(HomeAddon.4.Label))</visible>
		<thumb>$INFO[system.addonicon(Skin.String(HomeAddon.4.label))]</thumb>
		  <label>$INFO[system.addonTitle(Skin.String(HomeAddon.4.Label))]</label>
		  <property name="color">icons/red.png</property>
          <onclick>RunAddon($INFO[Skin.String(HomeAddon.4.Label)])</onclick>
		</item>
		<item id="405" description="Custom addon">
		<visible>!IsEmpty(Skin.String(HomeAddon.5.Label))</visible>
		<thumb>$INFO[system.addonicon(Skin.String(HomeAddon.5.label))]</thumb>
		  <label>$INFO[system.addonTitle(Skin.String(HomeAddon.5.Label))]</label>
		  <property name="color">icons/red.png</property>
          <onclick>RunAddon($INFO[Skin.String(HomeAddon.5.Label)])</onclick>
		</item>
		<item id="406" description="Custom addon">
		<visible>!IsEmpty(Skin.String(HomeAddon.6.Label))</visible>
		<thumb>$INFO[system.addonicon(Skin.String(HomeAddon.6.label))]</thumb>
		  <label>$INFO[system.addonTitle(Skin.String(HomeAddon.6.Label))]</label>
		  <property name="color">icons/red.png</property>
          <onclick>RunAddon($INFO[Skin.String(HomeAddon.6.Label)])</onclick>
		</item>
		
		<item id="501" description="Custom script">
		<visible>!IsEmpty(Skin.String(HomeAddon.7.Label))</visible>
		<thumb>$INFO[system.addonicon(Skin.String(HomeAddon.7.label))]</thumb>
		  <label>$INFO[system.addonTitle(Skin.String(HomeAddon.7.Label))]</label>
		  <property name="color">icons/orange.png</property>
          <onclick>RunAddon($INFO[Skin.String(HomeAddon.7.Label)])</onclick>
		</item>
		<item id="502" description="Custom script">
		<visible>!IsEmpty(Skin.String(HomeAddon.8.Label))</visible>
		<thumb>$INFO[system.addonicon(Skin.String(HomeAddon.8.label))]</thumb>
         <label>$INFO[system.addonTitle(Skin.String(HomeAddon.8.Label))]</label>
		 <property name="color">icons/orange.png</property>
          <onclick>RunAddon($INFO[Skin.String(HomeAddon.8.Label)])</onclick>
		</item>
		<item id="503" description="Custom script">
		<visible>!IsEmpty(Skin.String(HomeAddon.9.Label))</visible>
		<thumb>$INFO[system.addonicon(Skin.String(HomeAddon.9.label))]</thumb>
		  <label>$INFO[system.addonTitle(Skin.String(HomeAddon.9.Label))]</label>
		  <property name="color">icons/orange.png</property>
          <onclick>RunAddon($INFO[Skin.String(HomeAddon.9.Label)])</onclick>
		</item>
		<item id="504" description="Custom script">
		<visible>!IsEmpty(Skin.String(HomeAddon.10.Label))</visible>
		<thumb>$INFO[system.addonicon(Skin.String(HomeAddon.10.label))]</thumb>
		  <label>$INFO[system.addonTitle(Skin.String(HomeAddon.10.Label))]</label>
		  <property name="color">icons/orange.png</property>
          <onclick>RunAddon($INFO[Skin.String(HomeAddon.10.Label)])</onclick>
		</item>
		<item id="505" description="Custom script">
		<visible>!IsEmpty(Skin.String(HomeAddon.11.Label))</visible>
		<thumb>$INFO[system.addonicon(Skin.String(HomeAddon.11.label))]</thumb>
		  <label>$INFO[system.addonTitle(Skin.String(HomeAddon.11.Label))]</label>
		  <property name="color">icons/orange.png</property>
          <onclick>RunAddon($INFO[Skin.String(HomeAddon.11.Label)])</onclick>
		</item>
		<item id="506" description="Custom script">
		<visible>!IsEmpty(Skin.String(HomeAddon.12.Label))</visible>
		<thumb>$INFO[system.addonicon(Skin.String(HomeAddon.12.label))]</thumb>
		  <label>$INFO[system.addonTitle(Skin.String(HomeAddon.12.Label))]</label>
		  <property name="color">icons/orange.png</property>
          <onclick>RunAddon($INFO[Skin.String(HomeAddon.12.Label)])</onclick>
		</item>
		
		
		
		
        <item id="346">
          <visible>!Skin.HasSetting(hidewl)</visible>
          <thumb>icons/watchlist.png</thumb>
          <label>WatchList</label>
		   <property name="color">icons/red.png</property>
          <onclick>ActivateWindow(1113)</onclick>
        </item>
        <item id="350">
          <visible>!Skin.HasSetting(hideprog)</visible>
          <thumb>icons/program.png</thumb>
          <label>0</label>
		   <property name="color">icons/progcolor.png</property>
          <onclick>ActivateWindow(Programs)</onclick>
        </item>
        
        <item id="347">
          <visible>!Skin.HasSetting(hideSources)</visible>
          <thumb>icons/sources.png</thumb>
          <label>20094</label>
		  <property name="color">icons/darkblue.png</property>
          <onclick>activatewindow(1115)</onclick>
        </item>
        <!--<item id="351">
          <visible>!Skin.HasSetting(hideRSS)</visible>
          <thumb>icons/RSS.png</thumb>
          <label>RSS</label>
		  <property name="color">icons/darkorange.png</property>
          <onclick condition="System.HasAddon(script.rssclient-standalone)">RunScript(script.rssclient-standalone)</onclick>
          <onclick condition="!System.HasAddon(script.rssclient-standalone)">Notification(Attenzione,To access RSS feeds You need install the script "RSS CLIENT STANDALONE" - In order to do so You must add the pieh Add-on Repository by downloading the zip file and selecting Add-ons > Install from zip file. LINK:[CR] https://github.com/downloads/pieh/pieh-xbmc-addons/repository.pieh.zip,50000)</onclick>
        </item>-->
        <item id="352">
          <visible>!Skin.HasSetting(hidefav)</visible>
          <thumb>icons/favs.png</thumb>
          <label>$LOCALIZE[1036]</label>
		  <property name="color">icons/pink.png</property>
          <onclick>ActivateWindow(134)</onclick>
        </item>
        <item id="353">
          <visible>!Skin.HasSetting(hidebro)</visible>
          <thumb>icons/browser.png</thumb>
          <label>7</label>
		  <property name="color">icons/lightyellow.png</property>
          <onclick>ActivateWindow(3)</onclick>
        </item>
		<!--<item id="355">
    <description>Cinema Experience</description>
	<visible>system.hasaddon(script.cinema.experience)</visible>
	<thumb>icons/base.png</thumb>
    <label>Cinema Experience</label>
    <onclick>Playlist.Clear</onclick>
    <onclick>Dialog.Close(MovieInformation)</onclick>
    <onclick>XBMC.RunScript(script.cinema.experience)</onclick>
    
</item>-->
        <item id="354">
          <visible>![System.Platform.ios | System.Platform.atv2]</visible>
          <visible>!Skin.HasSetting(XBMC3)</visible>
          <visible>System.HasMediadvd</visible>
          <thumb>icons/DVD.png</thumb>
          <label>446</label>
          <onclick>ActivateWindow(1112)</onclick>
        </item>
		<item id="348">
          <thumb>icons/settings.png</thumb>
          <label>5</label>
		   <property name="color">icons/bluegray.png</property>
		   <onclick>ActivateWindow(1120)</onclick>
          <!--<onclick>ActivateWindow(Settings) activatewindow(56)</onclick>-->
        </item>
        <item id="349">
          <visible>Player.HasMedia</visible>
          <thumb>icons/full.png</thumb>
          <label>FullScreen</label>
		  <property name="color">icons/green3.png</property>
          <onclick condition="Player.HasMedia">Fullscreen</onclick>
        </item>
        <item id="349">
          <visible>!Player.HasMedia + Skin.HasSetting(quitter)</visible>
          <thumb>icons/quits.png</thumb>
          <label>351</label>
		  <property name="color">icons/darkblue.png</property>
          <onclick condition="StringCompare(Skin.String(shutdown),quit)">XBMC.quit()</onclick>
          <onclick condition="StringCompare(Skin.String(shutdown),powerdown)">XBMC.powerdown()</onclick>
          <onclick condition="StringCompare(Skin.String(shutdown),hibernate)">XBMC.hibernate()</onclick>
          <onclick condition="StringCompare(Skin.String(shutdown),suspend)">XBMC.suspend()</onclick>
          <onclick condition="StringCompare(Skin.String(shutdown),reboot)">XBMC.reboot()</onclick>
        </item>
        <item id="349">
          <visible>!Player.HasMedia + !Skin.HasSetting(quitter)</visible>
          <thumb>icons/quits.png</thumb>
          <label>351</label>
		  <property name="color">icons/darkblue.png</property>
          <onclick>ActivateWindow(shutdownmenu)</onclick>
        </item>
      </content>
    </control>
    <control type="image">
      <posy>980</posy>
      <width>1920</width>
      <height>100</height>
      <texture>images/bottomshader.png</texture>
    </control>
    
    <!--SLIDER-->
    <control type="image">
	<animation condition="!Container(9000).Row(0) | Container(9000).HasPrevious()" effect="slide" start="0,0" end="0,-500" time="220">Conditonal</animation>
      <posy>564</posy>
      <posx>77</posx>
      <width>268</width>
      <height>173</height>
      <texture>images/atvslider.png</texture>
      <aspectratio>stretch</aspectratio>
      <animation condition="Container(9000).Column(0)" effect="slide" end="0,0" time="220" easing="inout">Conditional</animation>
      <animation condition="Container(9000).Column(1)" effect="slide" end="300,0" time="220" easing="inout">Conditional</animation>
      <animation condition="Container(9000).Column(2)" effect="slide" end="600,0" time="220" easing="inout">Conditional</animation>
      <animation condition="Container(9000).Column(3)" effect="slide" end="900,0" time="220" easing="inout">Conditional</animation>
      <animation condition="Container(9000).Column(4)" effect="slide" end="1200,0" time="220" easing="inout">Conditional</animation>
	   <animation condition="Container(9000).Column(5)" effect="slide" end="1500,0" time="220" easing="inout">Conditional</animation>
      <animation condition="Container(9000).Row(0)" effect="slide" end="0,0" time="220" easing="inout">Conditional</animation>
      <animation condition="Container(9000).Row(1)" effect="slide" end="0,230" time="220" easing="inout">Conditional</animation>
	  <animation condition="Container(9000).Row(2)" effect="slide" end="0,460" time="220" easing="inout">Conditional</animation>
	  <animation condition="Container(9000).Row(3)" effect="slide" end="0,690" time="220" easing="inout">Conditional</animation>
	  <animation condition="Container(9000).Row(4)" effect="slide" end="0,920" time="220" easing="inout">Conditional</animation>
      <animation condition="!Control.HasFocus(9000)" effect="fade" start="100" end="0"  time="220" easing="inout">Conditional</animation>
    </control>
	<include>weather_shelf</include>
    <control type="group" id="700" description="Shelf items">
	<animation condition="!Container(9000).Row(0)" effect="slide" start="0,0" end="0,-500" time="220">Conditonal</animation>
      <include condition="!Skin.HasSetting(MoviesShelfWL)">Movies_RA</include>
      <include condition="Skin.HasSetting(MoviesShelfWL)">Movies_WL</include>
      <include condition="!Skin.HasSetting(TVShelf_Watchlist)">TV_RAIR</include>
      <include condition="Skin.HasSetting(TVShelf_Watchlist)">TV_WL</include>
      <include>Music_RA</include>
      <include condition="Skin.HasSetting(PicturesShelf_Custom)">Pictures_Shortcuts</include>
      <include condition="Skin.HasSetting(AddonsShelf_Custom)">Addons_Shortcuts</include>
      
	  <include condition="Skin.HasSetting(hidetv) + Skin.HasSetting(hidemovie)">VAddons_Shortcuts</include>
      <control type="group" description="Playing">
        <visible>Container(9000).HasFocus(349) + Player.HasMedia</visible>
        <posy>57</posy>
        <animation effect="fade" start="100" end="0" time="100">Hidden</animation>
        <animation effect="fade" start="0" end="100" delay="300" time="300">VisibleChange</animation>
        <include>PlayingInfo</include>
      </control>
      <control type="image" description="Logo">
        <visible>![[Container(9000).HasFocus(340) + Library.HasContent(Movies)] | [Container(9000).HasFocus(341) + Library.HasContent(TVShows)] | [Container(9000).HasFocus(342) + Library.HasContent(Music)] | [Container(9000).HasFocus(342) + Control.IsVisible(313)] | [Container(9000).HasFocus(343) + Skin.HasSetting(AddonsShelf_Custom)] | [Container(9000).HasFocus(344) + Control.IsVisible(314)] | [Container(9000).HasFocus(349) + Player.HasMedia] | Container(9000).HasFocus(345) ]</visible>
        <include>ShelfFade</include>
        <posx>68</posx>
        <posy>78</posy>
        <width>1785</width>
        <height>400</height>
        <aspectratio aligny="bottom">keep</aspectratio>
        <texture>$VAR[ShelfLogo]</texture>
      </control>
    </control>
    <control type="group" description="RSS">
      <control type="rss" description="RSS Feed">
        <visible>system.getbool(lookandfeel.enablerssfeeds)</visible>
        <visible>!Skin.HasSetting(NORSS)</visible>
        <include>VisibleFade</include>
        <posx>0</posx>
        <posy>1038</posy>
        <width>1920</width>
        <height>33</height>
        <font>size22</font>
        <urlset>1</urlset>
        <shadowcolor>Black</shadowcolor>
        <titlecolor>White</titlecolor>
        <headlinecolor>White</headlinecolor>
        <textcolor>Grey</textcolor>
      </control>
      <control type="image" description="RSS Left fade">
        <visible>system.getbool(lookandfeel.enablerssfeeds)</visible>
        <posx>0</posx>
        <posy>1038</posy>
        <width>90</width>
        <height>33</height>
        <texture>images/DefaultGradientH.png</texture>
      </control>
      <control type="image" description="RSS Right fade">
        <visible>system.getbool(lookandfeel.enablerssfeeds)</visible>
        <posx>1830</posx>
        <posy>1038</posy>
        <width>90</width>
        <height>33</height>
        <texture flipx="true">images/DefaultGradientH.png</texture>
      </control>
    </control>
    <control type="group" description="Player Info">
      <visible>Player.HasMedia</visible>
      <visible>!IntegerGreaterThan(Player.Time,8) | !IntegerGreaterThan(Player.TimeRemaining,8)</visible>
      <include>VisibleFade</include>
      <animation effect="fade" start="100" end="0" time="100" condition="Control.HasFocus(340)">conditional</animation>
      <posx>15</posx>
      <posy>960</posy>
      <control type="image" description="Playing BG">
        <width>390</width>
        <height>105</height>
        <texture border="14">images/ProgressBG.png</texture>
      </control>
      <control type="group">
        <control type="image">
          <posx>15</posx>
          <posy>15</posy>
          <width>75</width>
          <height>75</height>
          <texture>$INFO[MusicPlayer.Cover]</texture>
          <aspectratio>keep</aspectratio>
        </control>
        <control type="image">
          <posx>15</posx>
          <posy>21</posy>
          <width>75</width>
          <height>75</height>
          <texture>$INFO[VideoPlayer.Cover]</texture>
          <aspectratio>keep</aspectratio>
        </control>
        <control type="label">
          <posx>105</posx>
          <posy>9</posy>
          <aligny>center</aligny>
          <width>261</width>
          <height>36</height>
          <font>size24</font>
          <textcolor>White2</textcolor>
          <label>$INFO[MusicPlayer.Title]</label>
        </control>
        <control type="label">
          <posx>105</posx>
          <posy>36</posy>
          <aligny>center</aligny>
          <width>261</width>
          <height>36</height>
          <font>size21</font>
          <label>$INFO[MusicPlayer.Artist]</label>
        </control>
        <control type="label">
          <posx>105</posx>
          <posy>60</posy>
          <aligny>center</aligny>
          <width>261</width>
          <height>36</height>
          <font>size21</font>
          <label>$INFO[MusicPlayer.Album]</label>
        </control>
        <control type="label">
          <posx>105</posx>
          <posy>9</posy>
          <aligny>center</aligny>
          <width>261</width>
          <height>36</height>
          <font>size24</font>
          <textcolor>White2</textcolor>
          <label>$INFO[VideoPlayer.Title]</label>
        </control>
        <control type="label">
          <posx>105</posx>
          <posy>36</posy>
          <aligny>center</aligny>
          <width>261</width>
          <height>36</height>
          <font>size21</font>
          <label>$INFO[VideoPlayer.Artist]</label>
        </control>
        <control type="label">
          <posx>105</posx>
          <posy>60</posy>
          <aligny>center</aligny>
          <width>261</width>
          <height>36</height>
          <font>size21</font>
          <label>$INFO[VideoPlayer.Album]</label>
        </control>
      </control>
    </control>
    <control type="label" description="Clock">
      <visible>Skin.HasSetting(ShowClock)</visible>
      <posx>35r</posx>
      <posy>20</posy>
      <width>500</width>
      <height>45</height>
      <align>right</align>
      <font>size30</font>
      <textcolor>White</textcolor>
      <label>$INFO[System.Time] $INFO[System.Date]</label>
    </control>
    <control type="image">
	<include>ShelfFade</include>
      <visible>Container(9000).HasFocus(341) + !Skin.HasSetting(IntruderTV)</visible>
      <visible>Library.HasContent(TVShows) + !Container(312).HasPrevious</visible>
      <posy>30</posy>
      <posx>518</posx>
      <width>2</width>
      <height>500</height>
      <texture>Images/LineV.png</texture>
    </control>
    <control type="image">
	<include>ShelfFade</include>
      <visible>Container(9000).HasFocus(340) + [!Skin.HasSetting(Intruder) | Player.HasVideo]</visible>
      <visible>Library.HasContent(Movies) + !Container(311).HasPrevious</visible>
      <posy>30</posy>
      <posx>320</posx>
      <width>2</width>
      <height>500</height>
      <texture>Images/LineV.png</texture>
    </control>
  </controls>
</window>
