<?xml version="1.0" encoding="UTF-8"?>
<includes>
  <include file="Includes_Variables.xml" />
  <include file="Defaults.xml" />
  <include file="CommonViews.xml" />
  <include file="Videoviews.xml" />
  <include file="Musicviews.xml" />
  <include file="Programviews.xml" />
  <include file="Includes_Home.xml" />
  <include file="Includes_Shelf.xml" />
  <include name="VisibleFade">
    <animation effect="fade" start="0" end="100" time="200">visiblechange</animation>
  </include>
  <include name="OpenClose">
    <animation effect="fade" time="150">WindowOpen</animation>
    <animation effect="fade" time="150">WindowClose</animation>
  </include>
  <include name="DialogOpenClose">
    <animation type="WindowOpen">
      <effect type="fade" start="0" end="100" time="240" />
      <effect type="zoom" tween="cubic" easing="out" start="30" end="100" center="960,540" time="240" />
    </animation>
    <animation type="WindowClose">
      <effect type="fade" start="100" end="0" time="140" />
      <effect type="zoom" tween="cubic" easing="in" start="100" end="30" center="960,540" time="140" />
    </animation>
  </include>
  <include name="DialogOpenCloseVisible">
    <animation type="Visible">
      <effect type="fade" start="0" end="100" time="240" />
      <effect type="zoom" tween="cubic" easing="out" start="30" end="100" center="960,340" time="240" />
    </animation>
    <animation type="Hidden">
      <effect type="fade" start="100" end="0" time="140" />
      <effect type="zoom" tween="cubic" easing="in" start="100" end="30" center="960,340" time="140" />
    </animation>
  </include>
  <include name="Fanart_Fade">
    <fadetime>320</fadetime>
    <animation effect="fade" time="320">Visible</animation>
    <animation effect="fade" time="280">Hidden</animation>
  </include>
  <include name="Icon_Fade">
    <fadetime>200</fadetime>
    <animation effect="fade" time="200">Visible</animation>
    <animation effect="fade" time="100">Hidden</animation>
  </include>
  <include name="HiddenButton">
    <posx>-30</posx>
    <posy>-30</posy>
    <width>1</width>
    <height>1</height>
    <label>-</label>
    <texturenofocus>-</texturenofocus>
    <texturefocus>-</texturefocus>
  </include>
  <include name="Heading">
    <posx>330</posx>
    <posy>0</posy>
    <align>center</align>
    <aligny>center</aligny>
    <width>1260</width>
    <height>75</height>
    <textcolor>White2</textcolor>
    <font>size42</font>
  </include>
  <include name="HeadingL">
    <posx>60</posx>
    <posy>20</posy>
    <align>left</align>
    <aligny>center</aligny>
    <width>1260</width>
    <height>45</height>
    <textcolor>White2</textcolor>
    <font>size42</font>
  </include>
  <include name="HeadingR">
    <posx>960</posx>
    <posy>60</posy>
    <width>930</width>
    <height>75</height>
    <align>center</align>
    <aligny>bottom</aligny>
    <textcolor>White2</textcolor>
    <font>size42</font>
  </include>
  <include name="Dimensions_Fullscreen">
    <posx>0</posx>
    <posy>0</posy>
    <width>1920</width>
    <height>1080</height>
  </include>
  <include name="Header">
    <control type="group">
      <visible>![Window.IsActive(home) | Window.IsActive(LoginScreen.xml)]</visible>
      <control type="label" description="Clock other windows">
        <visible>Skin.HasSetting(ShowClock)</visible>
        <posx>30r</posx>
        <posy>3</posy>
        <width>195</width>
        <height>75</height>
        <align>right</align>
        <aligny>center</aligny>
        <font>size33B</font>
        <textcolor>White</textcolor>
        <label>$INFO[System.Time]</label>
      </control>
      <control type="label" description="Heading">
        <posx>0</posx>
        <posy>0</posy>
        <align>center</align>
        <aligny>center</aligny>
        <width>1920</width>
        <height>75</height>
        <textcolor>White2</textcolor>
        <font>size42</font>
        <label>$VAR[RootLabel]</label>
      </control>
    </control>
  </include>
  <include name="Clock">
    <control type="label" description="Clock no title">
      <visible>![Window.IsActive(home) | Window.IsActive(LoginScreen.xml)]</visible>
      <visible>Skin.HasSetting(ShowClock)</visible>
      <posx>0</posx>
      <posy>0</posy>
      <width>1920</width>
      <height>75</height>
      <align>center</align>
      <aligny>center</aligny>
      <font>size36B</font>
      <textcolor>White</textcolor>
      <label>$INFO[System.Time] $INFO[System.Date]</label>
    </control>
  </include>
  <include name="WindowsTopInfos">
    <control type="group">
      <control type="label" description="Clock">
        <visible>Skin.HasSetting(ShowClock)</visible>
        <posx>33r</posx>
        <posy>3</posy>
        <width>195</width>
        <height>75</height>
        <align>right</align>
        <aligny>center</aligny>
        <font>size33B</font>
        <textcolor>White</textcolor>
        <label>$INFO[System.Time]</label>
      </control>
    </control>
    <control type="grouplist">
      <visible>![Control.IsVisible(53) | Control.IsVisible(55) | Control.IsVisible(56) | Control.IsVisible(57) | Control.IsVisible(58) | Control.IsVisible(59) | Control.IsVisible(500) | Control.IsVisible(510) | Control.IsVisible(501) | Control.IsVisible(502)]</visible>
      <posx>990</posx>
      <posy>60</posy>
      <width>870</width>
      <height>75</height>
      <align>center</align>
      <aligny>bottom</aligny>
      <orientation>horizontal</orientation>
      <control type="label" id="7777" description="Heading">
        <width min="60" max="750">auto</width>
        <height>75</height>
        <font>size42</font>
        <textcolor>White2</textcolor>
        <scroll>false</scroll>
        <label>$VAR[RootLabel]</label>
      </control>
      <control type="label" description="Number of files">
        <visible>!IsEmpty(Control.GetLabel(7777))</visible>
        <width min="60" max="120">auto</width>
        <height>81</height>
        <font>size26</font>
        <textcolor>Grey</textcolor>
        <label>$INFO[Container.NumItems,  (,)]</label>
      </control>
    </control>
    <control type="grouplist">
      <visible>Control.IsVisible(56) | Control.IsVisible(57) | Control.IsVisible(58) | Control.IsVisible(59) | Control.IsVisible(500) | Control.IsVisible(501) | Control.IsVisible(510) | Control.IsVisible(502)</visible>
      <posx>33</posx>
      <posy>0</posy>
      <width>1230</width>
      <height>75</height>
      <align>left</align>
      <aligny>bottom</aligny>
      <orientation>horizontal</orientation>
      <control type="label" id="7777" description="Heading">
        <width min="60" max="1080">auto</width>
        <height>75</height>
        <font>size42</font>
        <textcolor>White2</textcolor>
        <scroll>false</scroll>
        <label>$VAR[RootLabel]</label>
      </control>
      <control type="label" description="Number of files">
        <visible>!IsEmpty(Control.GetLabel(7777))</visible>
        <width min="60" max="120">auto</width>
        <height>81</height>
        <font>size26</font>
        <textcolor>Grey</textcolor>
        <label>$INFO[Container.NumItems,  (,)]</label>
      </control>
    </control>
    <control type="group" description="Scroll letter">
      <visible>Container.Scrolling + !Control.IsVisible(53) + !Control.IsVisible(500)</visible>
      <animation effect="fade" start="0" end="100" time="50" delay="0" reversible="false">Visible</animation>
      <animation effect="fade" start="100" end="0" time="150" delay="250" reversible="false">Hidden</animation>
      <control type="image">
        <posx>1388</posx>
        <posy>975</posy>
        <width>81</width>
        <height>81</height>
        <texture border="12">images/SortLetterBG.png</texture>
      </control>
      <control type="label">
        <posx>1388</posx>
        <posy>975</posy>
        <width>81</width>
        <height>81</height>
        <align>center</align>
        <font>size38</font>
        <label>$INFO[ListItem.SortLetter]</label>
      </control>
    </control>
    <control type="group" description="Scroll letter">
      <visible>Container.Scrolling + Control.IsVisible(500) + Control.HasFocus(60)</visible>
      <animation effect="fade" start="0" end="100" time="50" delay="0" reversible="false">Visible</animation>
      <animation effect="fade" start="100" end="0" time="150" delay="250" reversible="false">Hidden</animation>
      <control type="image">
        <posx>920</posx>
        <posy>975</posy>
        <width>81</width>
        <height>81</height>
        <texture border="12">images/SortLetterBG.png</texture>
      </control>
      <control type="label">
        <posx>920</posx>
        <posy>975</posy>
        <width>81</width>
        <height>81</height>
        <align>center</align>
        <font>size38</font>
        <label>$INFO[ListItem.SortLetter]</label>
      </control>
    </control>
    <control type="group" description="Scroll letter">
      <visible>Container.Scrolling + Control.IsVisible(53)</visible>
      <animation effect="fade" start="0" end="100" time="50" delay="0" reversible="false">Visible</animation>
      <animation effect="fade" start="100" end="0" time="150" delay="250" reversible="false">Hidden</animation>
      <control type="image">
        <posx>1800</posx>
        <posy>499</posy>
        <width>81</width>
        <height>81</height>
        <texture border="12">images/SortLetterBG.png</texture>
      </control>
      <control type="label">
        <posx>1800</posx>
        <posy>499</posy>
        <width>81</width>
        <height>81</height>
        <align>center</align>
        <font>size38</font>
        <label>$INFO[ListItem.SortLetter]</label>
      </control>
    </control>
	
	<!--DA FARE-->
    <control type="group" description="Player Info">
      <visible>!Control.HasFocus(340) + Player.HasMedia + ![Window.IsActive(DialogBusy.xml) | Window.IsActive(VideoFullscreen.xml)]</visible>
      <visible>!IntegerGreaterThan(Player.Time,8) | !IntegerGreaterThan(Player.TimeRemaining,8)</visible>
      <include>VisibleFade</include>
      <posx>15</posx>
      <posy>960</posy>
      <control type="image" description="Playing BG">
        <width>390</width>
        <height>105</height>
        <texture border="14">musicOSD/back.png</texture>
      </control>
      <control type="group">
        <control type="image">
          <posx>15</posx>
          <posy>15</posy>
          <width>75</width>
          <height>75</height>
          <texture>$INFO[MusicPlayer.Cover]</texture>
          <aspectratio>keep</aspectratio>
        </control>
        <control type="image">
          <posx>15</posx>
          <posy>15</posy>
          <width>75</width>
          <height>75</height>
          <texture>$INFO[VideoPlayer.Cover]</texture>
          <aspectratio>keep</aspectratio>
        </control>
        <control type="label">
          <posx>105</posx>
          <posy>9</posy>
          <aligny>center</aligny>
          <width>261</width>
          <height>36</height>
          <font>size24</font>
          <textcolor>White2</textcolor>
          <label>$INFO[MusicPlayer.Title]</label>
        </control>
        <control type="label">
          <posx>105</posx>
          <posy>36</posy>
          <aligny>center</aligny>
          <width>261</width>
          <height>36</height>
          <font>size21</font>
          <label>$INFO[MusicPlayer.Artist]</label>
        </control>
        <control type="label">
          <posx>105</posx>
          <posy>60</posy>
          <aligny>center</aligny>
          <width>261</width>
          <height>36</height>
          <font>size21</font>
          <label>$INFO[MusicPlayer.Album]</label>
        </control>
        <control type="label">
          <posx>105</posx>
          <posy>9</posy>
          <aligny>center</aligny>
          <width>261</width>
          <height>36</height>
          <font>size24</font>
          <textcolor>White2</textcolor>
          <label>$INFO[VideoPlayer.Title]</label>
        </control>
        <control type="label">
          <posx>105</posx>
          <posy>36</posy>
          <aligny>center</aligny>
          <width>261</width>
          <height>36</height>
          <font>size21</font>
          <label>$INFO[VideoPlayer.Artist]</label>
        </control>
        <control type="label">
          <posx>105</posx>
          <posy>60</posy>
          <aligny>center</aligny>
          <width>261</width>
          <height>36</height>
          <font>size21</font>
          <label>$INFO[VideoPlayer.Album]</label>
        </control>
      </control>
    </control>
  </include>
  <include name="OSDbarIcons">
    <width>68</width>
    <height>68</height>
    <aspectratio aligny="center" align="left">keep</aspectratio>
  </include>
  <include name="SeekbarLabels">
    <posx>0</posx>
    <posy>0</posy>
    <height>75</height>
    <width>1920</width>
    <align>center</align>
    <font>size36B</font>
    <textcolor>White</textcolor>
    <shadowcolor>Black</shadowcolor>
    <animation effect="fade" time="200">VisibleChange</animation>
  </include>
  <include name="BlackBackground">
    <control type="image" description="Default BG">
      <width>1920</width>
      <height>1080</height>
      <texture>images/Black.png</texture>
    </control>
  </include>
  <include name="SettingsClock">
  <control type="label" id="7777" description="Heading">
      <posx>990</posx>
      <posy>60</posy>
      <width>900</width>
      <height>75</height>
      <font>size42</font>
      <textcolor>White2</textcolor>
      <align>center</align>
      <scroll>false</scroll>
      <label>$VAR[RootLabel]</label>
    </control>
	<control type="label" description="Clock no title">
      <visible>![Window.IsActive(home) | Window.IsActive(LoginScreen.xml)]</visible>
      <visible>Skin.HasSetting(ShowClock)</visible>
      <posx>33r</posx>
        <posy>3</posy>
        <width>195</width>
        <height>75</height>
        <align>right</align>
        <aligny>center</aligny>
        <font>size33B</font>
        <textcolor>White</textcolor>
        <label>$INFO[System.Time]</label>
    </control>
	</include>
</includes>
