﻿<?xml version="1.0" encoding="UTF-8"?>
<window id="503">
  <defaultcontrol allways="true">50</defaultcontrol>
  <allowoverlay>no</allowoverlay>
  <include>OpenClose</include>
  <views>50</views>
  <controls>
    <include>BlackBackground</include>
    <control type="label">
      <include>HeadingL</include>
      <label>10503</label>
    </control>
    <control type="label" description="Clock">
      <visible>Skin.HasSetting(ShowClock)</visible>
      <posx>33r</posx>
      <posy>3</posy>
      <width>195</width>
      <height>75</height>
      <align>right</align>
      <aligny>center</aligny>
      <font>size33B</font>
      <textcolor>White</textcolor>
      <label>$INFO[System.Time]</label>
    </control>
    <control type="group">
      <description>Left panel</description>
      <posx>20</posx>
      <posy>78</posy>
      <control type="label">
        <posx>15</posx>
        <posy>15</posy>
        <width>615</width>
        <height>45</height>
        <font>size42B</font>
        <align>center</align>
        <label>31013</label>
      </control>
      <control type="label" id="12">
        <posx>15</posx>
        <posy>55</posy>
        <width>615</width>
        <height>45</height>
        <font>size22</font>
        <textcolor>Grey2</textcolor>
        <align>center</align>
        <label>-</label>
      </control>
      <control type="image" description="Slider 50">
        <visible>Control.IsVisible(50)</visible>
        <posx>60</posx>
        <posy>99</posy>
        <width>600</width>
        <height>69</height>
        <texture border="8">Images/Buttonselect.png</texture>
        <aspectratio>stretch</aspectratio>
        <animation condition="!Control.HasFocus(50)" effect="fade" start="100" end="0" time="180" reversible="true">Conditional</animation>
        <animation condition="Container(50).Position(0)" effect="slide" start="0,0" end="0,0" time="180" reversible="true">Conditional</animation>
        <animation condition="Container(50).Position(1)" effect="slide" start="0,0" end="0,60" time="180" reversible="true">Conditional</animation>
        <animation condition="Container(50).Position(2)" effect="slide" start="0,0" end="0,120" time="180" reversible="true">Conditional</animation>
        <animation condition="Container(50).Position(3)" effect="slide" start="0,0" end="0,180" time="180" reversible="true">Conditional</animation>
        <animation condition="Container(50).Position(4)" effect="slide" start="0,0" end="0,240" time="180" reversible="true">Conditional</animation>
        <animation condition="Container(50).Position(5)" effect="slide" start="0,0" end="0,300" time="180" reversible="true">Conditional</animation>
        <animation condition="Container(50).Position(6)" effect="slide" start="0,0" end="0,360" time="180" reversible="true">Conditional</animation>
        <animation condition="Container(50).Position(7)" effect="slide" start="0,0" end="0,420" time="180" reversible="true">Conditional</animation>
        <animation condition="Container(50).Position(8)" effect="slide" start="0,0" end="0,480" time="180" reversible="true">Conditional</animation>
        <animation condition="Container(50).Position(9)" effect="slide" start="0,0" end="0,540" time="180" reversible="true">Conditional</animation>
        <animation condition="Container(50).Position(10)" effect="slide" start="0,0" end="0,600" time="180" reversible="true">Conditional</animation>
        <animation condition="Container(50).Position(11)" effect="slide" start="0,0" end="0,660" time="180" reversible="true">Conditional</animation>
      </control>
      <control type="fixedlist" id="50">
        <posx>60</posx>
        <posy>93</posy>
        <width>600</width>
        <height>828</height>
        <onleft>151</onleft>
        <onright>8999</onright>
        <onup>50</onup>
        <ondown>50</ondown>
        <viewtype>list</viewtype>
        <scrolltime>200</scrolltime>
        <focusposition>5</focusposition>
        <movement>6</movement>
        <pagecontrol>151</pagecontrol>
        <itemlayout height="60" width="600">
          <control type="label">
            <posx>15</posx>
            <width>570</width>
            <font>size33</font>
            <align>left</align>
            <scroll>false</scroll>
            <info>ListItem.Label</info>
          </control>
        </itemlayout>
        <focusedlayout height="60" width="600">
          <control type="label">
            <posx>15</posx>
            <width>570</width>
            <font>size33</font>
            <align>left</align>
            <info>ListItem.Label</info>
          </control>
        </focusedlayout>
      </control>
    </control>
    <control type="group">
      <description>Middle Panel</description>
      <control type="image">
        <height>1080</height>
        <width>960</width>
        <texture>$INFO[Container(50).ListItem.Art(fanart)]</texture>
        <colordiffuse>33FFFFFF</colordiffuse>
      </control>
      <control type="image">
        <posx>960</posx>
        <height>1080</height>
        <width>960</width>
        <texture>$INFO[Container(100).ListItem.Art(fanart)]</texture>
        <colordiffuse>33FFFFFF</colordiffuse>
      </control>
      <control type="image">
        <posy>-450</posy>
        <posx>958</posx>
        <height>1980</height>
        <width>4</width>
        <texture>images/LineV.png</texture>
      </control>
      <control type="image">
        <posy>40</posy>
        <posx>720</posx>
        <height>1000</height>
        <width>480</width>
        <texture border="30">musicOSD/back.png</texture>
      </control>
      <control type="group">
        <posx>750</posx>
        <posy>68</posy>
        <visible>Control.HasFocus(50)</visible>
        <control type="image">
          <visible>!ListItem.IsFolder</visible>
          <posx>30</posx>
          <posy>45</posy>
          <width>360</width>
          <height>360</height>
          <aligny>bottom</aligny>
          <aspectratio>keep</aspectratio>
          <texture fallback="defaultalbumcover.png">$INFO[Container(50).ListItem.Thumb]</texture>
          <bordersize>2</bordersize>
        </control>
        <control type="image">
          <visible>ListItem.IsFolder</visible>
          <posx>30</posx>
          <posy>45</posy>
          <width>360</width>
          <height>360</height>
          <aligny>bottom</aligny>
          <aspectratio>keep</aspectratio>
          <texture>$INFO[Container(50).ListItem.Icon]</texture>
          <bordersize>2</bordersize>
        </control>
        <control type="textbox">
          <posx>15</posx>
          <posy>450</posy>
          <width>420</width>
          <height>420</height>
          <font>size26</font>
          <align>center</align>
          <label>$INFO[Container(50).ListItem.Artist,[COLOR=Grey]$LOCALIZE[557]:[/COLOR] ,[CR]]$INFO[Container(50).ListItem.Album,[COLOR=Grey]$LOCALIZE[558]:[/COLOR] ,[CR]]$INFO[Container(50).ListItem.Duration,[COLOR=Grey]$LOCALIZE[555]:[/COLOR] ,[CR]]$INFO[Container(50).ListItem.Genre,[COLOR=Grey]$LOCALIZE[515]:[/COLOR] ,[CR]]</label>
        </control>
      </control>
      <control type="group">
        <posx>750</posx>
        <posy>68</posy>
        <visible>Control.HasFocus(100)</visible>
        <control type="image">
          <posx>30</posx>
          <posy>45</posy>
          <width>360</width>
          <height>360</height>
          <aspectratio>keep</aspectratio>
          <texture fallback="defaultalbumcover.png">$INFO[Container(100).ListItem.Thumb]</texture>
          <bordersize>2</bordersize>
        </control>
        <control type="textbox">
          <posx>15</posx>
          <posy>450</posy>
          <width>420</width>
          <height>420</height>
          <font>size26</font>
          <align>center</align>
          <label>$INFO[Container(100).ListItem.Artist,[COLOR=Grey]$LOCALIZE[557]:[/COLOR] ,[CR]]$INFO[Container(100).ListItem.Album,[COLOR=Grey]$LOCALIZE[558]:[/COLOR] ,[CR]]$INFO[Container(100).ListItem.Duration,[COLOR=Grey]$LOCALIZE[555]:[/COLOR] ,[CR]]$INFO[Container(100).ListItem.Genre,[COLOR=Grey]$LOCALIZE[515]:[/COLOR] ,[CR]]</label>
        </control>
      </control>
      <control type="image" description="separator Bottom">
        <posy>-24</posy>
        <posx>15</posx>
        <width>390</width>
        <height>1</height>
        <texture>images/Line.png</texture>
        <aspectratio>stretch</aspectratio>
      </control>
      <control type="grouplist" id="8999">
        <posx>750</posx>
        <posy>753</posy>
        <onleft>50</onleft>
        <onright>100</onright>
        <control type="button" id="7" description="Save">
          <width>420</width>
          <label>31011</label>
          <font>size33</font>
        </control>
        <control type="button" id="6" description="Open">
          <posy>70</posy>
          <width>420</width>
          <label>31010</label>
          <font>size33</font>
        </control>
        <control type="button" id="8" description="Clear">
          <posy>140</posy>
          <width>420</width>
          <label>31012</label>
          <font>size33</font>
          <onclick>ReplaceWindow(503)</onclick>
        </control>
      </control>
    </control>
    <control type="group" description="Right panel">
      <posx>1240</posx>
      <posy>78</posy>
      <control type="label">
        <posx>15</posx>
        <posy>15</posy>
        <width>615</width>
        <height>45</height>
        <font>size42B</font>
        <align>center</align>
        <label>31014</label>
      </control>
      <control type="label" id="101">
        <posx>15</posx>
        <posy>55</posy>
        <width>615</width>
        <height>45</height>
        <font>size22</font>
        <textcolor>Grey2</textcolor>
        <align>center</align>
        <label>-</label>
      </control>
      <control type="image" description="Slider 100">
        <visible>!IsEmpty(Container(100).ListItem.Label) + Control.IsVisible(100)</visible>
        <posx>0</posx>
        <posy>96</posy>
        <width>600</width>
        <height>69</height>
        <texture border="8">Images/Buttonselect.png</texture>
        <aspectratio>stretch</aspectratio>
        <animation condition="!Control.HasFocus(100)" effect="fade" start="100" end="0" time="180" reversible="true">Conditional</animation>
        <!--FADE-->
        <animation condition="Container(100).Position(0)" effect="slide" start="0,0" end="0,0" time="180" reversible="true">Conditional</animation>
        <animation condition="Container(100).Position(1)" effect="slide" start="0,0" end="0,60" time="180" reversible="true">Conditional</animation>
        <animation condition="Container(100).Position(2)" effect="slide" start="0,0" end="0,120" time="180" reversible="true">Conditional</animation>
        <animation condition="Container(100).Position(3)" effect="slide" start="0,0" end="0,180" time="180" reversible="true">Conditional</animation>
        <animation condition="Container(100).Position(4)" effect="slide" start="0,0" end="0,240" time="180" reversible="true">Conditional</animation>
        <animation condition="Container(100).Position(5)" effect="slide" start="0,0" end="0,300" time="180" reversible="true">Conditional</animation>
        <animation condition="Container(100).Position(6)" effect="slide" start="0,0" end="0,360" time="180" reversible="true">Conditional</animation>
        <animation condition="Container(100).Position(7)" effect="slide" start="0,0" end="0,420" time="180" reversible="true">Conditional</animation>
        <animation condition="Container(100).Position(8)" effect="slide" start="0,0" end="0,480" time="180" reversible="true">Conditional</animation>
        <animation condition="Container(100).Position(9)" effect="slide" start="0,0" end="0,540" time="180" reversible="true">Conditional</animation>
        <animation condition="Container(100).Position(10)" effect="slide" start="0,0" end="0,600" time="180" reversible="true">Conditional</animation>
        <animation condition="Container(100).Position(11)" effect="slide" start="0,0" end="0,660" time="180" reversible="true">Conditional</animation>
      </control>
      <control type="fixedlist" id="100">
        <visible>!IsEmpty(Container(100).ListItem.Label)</visible>
        <posx>-15</posx>
        <posy>93</posy>
        <width>630</width>
        <height>828</height>
        <onleft>8999</onleft>
        <onright>150</onright>
        <onup>100</onup>
        <ondown>100</ondown>
        <pagecontrol>150</pagecontrol>
        <viewtype label="">list</viewtype>
        <scrolltime>200</scrolltime>
        <focusposition>5</focusposition>
        <movement>6</movement>
        <itemlayout height="60" width="600">
          <control type="label">
            <posx>0r</posx>
            <width>570</width>
            <font>size33</font>
            <align>right</align>
            <scroll>false</scroll>
            <info>ListItem.Label</info>
          </control>
        </itemlayout>
        <focusedlayout height="60" width="600">
          <control type="label">
            <posx>0r</posx>
            <width>570</width>
            <font>size33</font>
            <align>right</align>
            <info>ListItem.Label</info>
          </control>
        </focusedlayout>
      </control>
    </control>
    <control type="scrollbar" id="151">
      <posx>15</posx>
      <posy>190</posy>
      <height>780</height>
      <width>30</width>
      <onleft>-</onleft>
      <onright>50</onright>
      <animation type="Conditional" condition="!Control.HasFocus(151) + !Container.Scrolling">
        <effect type="fade" start="100" end="40" time="200" />
      </animation>
    </control>
    <control type="scrollbar" id="150">
      <posx>45r</posx>
      <posy>190</posy>
      <height>780</height>
      <width>30</width>
      <onleft>100</onleft>
      <onright>-</onright>
      <animation type="Conditional" condition="!Control.HasFocus(150) + !Container.Scrolling">
        <effect type="fade" start="100" end="40" time="200" />
      </animation>
    </control>
  </controls>
</window>
