﻿<?xml version="1.0" encoding="UTF-8"?>
<window id="1">
  <defaultcontrol always="true">50</defaultcontrol>
  <allowoverlay>no</allowoverlay>
  <controls>
    <include>Programviews</include>
      <control type="group" description="Side menu 9000 group">
      <visible allowhiddenfocus="true">ControlGroup(9000).HasFocus()</visible>
      <include>DialogOpenCloseVisible</include>
      <control type="image" description="List back">
        <posx>459</posx>
        <posy>168</posy>
        <width>1002</width>
        <height>687</height>
        <aspectratio>stretch</aspectratio>
        <texture border="150">images/Dialog.png</texture>
      </control>
      <control type="grouplist" id="9000">
        <include>DialogGLs</include>
          <control type="button" id="2" description="Views">
            <include>DialogButt</include>
          </control>
          <control type="button" id="3" description="Sort">
            <include>DialogButt</include>
          </control>
          <control type="togglebutton" id="4" description="SortMode">
            <alttexturenofocus>-</alttexturenofocus>
            <include>DialogButt</include>
            <label>$LOCALIZE[21429]: $LOCALIZE[21430]</label>
            <altlabel>$LOCALIZE[21429]: $LOCALIZE[21431]</altlabel>
          </control>
          <control type="togglebutton" id="699" description="Playing">
            <enable>Player.HasMedia</enable>
            <include>DialogButt</include>
            <label>$LOCALIZE[16003]</label>
            <altlabel>$LOCALIZE[31055]</altlabel>
            <usealttexture>Player.HasMedia</usealttexture>
            <onclick>fullscreen</onclick>
            <altclick>fullscreen</altclick>
            <animation effect="fade" start="100" end="60" time="100" condition="!Player.HasMedia">Conditional</animation>
          </control>
      </control>
    </control>
    <include>WindowsTopInfos</include>
    <control type="label" description="Heading">
      <visible>IsEmpty(Container.FolderName)</visible>
      <include>HeadingR</include>
      <label>0</label>
    </control>
  </controls>
</window>