<window>
    <allowoverlay>no</allowoverlay>

    <animation type="WindowOpen" reversible="true">
        <effect type="zoom" start="500" end="100" center="960,540" time="200" />
        <effect type="fade" start="0" end="100" time="200" />
    </animation>

    <animation type="WindowClose" reversible="false">
        <effect type="zoom" start="100" end="300" center="960,540" easing="in" tween="back" time="300" />
        <effect type="fade" start="100" end="0" time="300" />
    </animation>

    <controls>
        <control type="image">
            <description>Info Background</description>
            <width>1920</width>
            <height>1080</height>
            <texture>pstvBack.png</texture>
        </control>

		<control type="group">
			<posx>200</posx>
			<posy>60</posy>
			<width>1520</width>
			<height>200</height>
			
			<itemgap>20</itemgap>
        
			<control type="label" id="500">
				<description>Show Name Label</description>
				<width>1520</width>
				<height>60</height>
				<label>Show Name</label>
				<font>Size42B</font>
				<align>center</align>
				<textcolor>Yellow</textcolor>
			</control>
			

			<control type="label" id="501">
				<description>Show Title Label</description>
				<posy>40</posy>
				<width>1520</width>
				<height>60</height>
				<label>Show Title</label>
				<font>Size30</font>
				<align>center</align>
				<textcolor>Grey</textcolor>
			</control>
		</control>
		
        <control type="label" id="502">
            <description>Show Description Label</description>
            <posx>450</posx>
            <posy>150</posy>
            <width>1100</width>
            <height>290</height>
            <label>Show Description</label>
            <font>Size24</font>
            <align>left</align>
			<aligny>top</aligny>
            <textcolor>FFFFFFFF</textcolor>
            <wrapmultiline>true</wrapmultiline>
        </control>
		
		<control type="image" id="503">
            <description>Show Channel Icon</description>
            <posx>1620</posx>
            <posy>70</posy>
            <width>250</width>
            <height>150</height>
			<aspectratio>scale</aspectratio>
			<aligny>top</aligny>
        </control>
		
        <control type="label" id="101">
            <description>Time 1 Label</description>
            <posx>410</posx>
            <posy>400</posy>
            <width>270</width>
            <height>26</height>
            <label>Time 1</label>
            <font>Size24</font>
            <align>left</align>
			<aligny>center</aligny>
            <textcolor>FFFFFFFF</textcolor>
        </control>

        <control type="label" id="102">
            <description>Time 2 Label</description>
            <posx>1050</posx>
            <posy>400</posy>
            <width>270</width>
            <height>26</height>
            <label>Time 2</label>
            <font>Size24</font>
            <align>left</align>
			<aligny>center</aligny>
            <textcolor>FFFFFFFF</textcolor>
        </control>

        <control type="label" id="103">
            <description>Time 3 Label</description>
            <posx>1700</posx>
			<posy>400</posy>
            <width>270</width>
            <height>26</height>
            <label>Time 2</label>
            <font>Size24</font>
            <align>left</align>
			<aligny>center</aligny>
            <textcolor>FFFFFFFF</textcolor>
        </control>
		
		<control type="label" id="104">
        </control>
		
		<control type="label" description="Clock">
      <visible>Skin.HasSetting(ShowClock)</visible>
      <posx>35r</posx>
      <posy>20</posy>
      <width>500</width>
      <height>45</height>
      <align>right</align>
      <font>size30</font>
      <textcolor>White</textcolor>
      <label>$INFO[System.Time] $INFO[System.Date]</label>
    </control>

		<!--SHOW LISTINGS-->
		
        <control type="group" id="111">
            <posx>400</posx>
            <posy>450</posy>
            <width>1400</width>
            <height>70</height>
        </control>

        <control type="group" id="112">
            <posx>400</posx>
            <posy>540</posy>
            <width>1400</width>
            <height>70</height>
        </control>

        <control type="group" id="113">
            <posx>400</posx>
            <posy>630</posy>
            <width>1400</width>
            <height>70</height>
        </control>

        <control type="group" id="114">
            <posx>400</posx>
            <posy>720</posy>
            <width>1400</width>
            <height>70</height>
        </control>

        <control type="group" id="115">
            <posx>400</posx>
            <posy>810</posy>
            <width>1400</width>
            <height>70</height>
        </control>
        
        <control type="group" id="116">
            <posx>400</posx>
            <posy>900</posy>
            <width>1400</width>
            <height>70</height>
        </control>
		
		<control type="image" id="120">
            <posx>400</posx>
            <posy>360</posy>
            <width>20</width>
            <height>630</height>
        </control>

		<!--CHANNEL BUTTONS AND LABELS-->
		
        <control type="label" id="301">
            <description>Channel 1 Name</description>
            <posx>150</posx>
            <posy>450</posy>
            <width>250</width>
            <height>70</height>
            <label>Channel</label>
            <font>Size24</font>
            <align>left</align>
            <aligny>center</aligny>
            <textcolor>FFFFFFFF</textcolor>
        </control>

        <control type="label" id="311">
            <description>Channel 1 Number</description>
            <posx>140</posx>
            <posy>450</posy>
            <width>30</width>
            <height>70</height>
            <label>1</label>
            <font>Size24</font>
            <align>right</align>
            <aligny>center</aligny>
            <textcolor>FFFFFFFF</textcolor>
        </control>

        <!--<control type="image" id="321">
            <description>Channel 1 Icon</description>
            <posx>4</posx>
            <posy>204</posy>
            <width>30</width>
            <height>30</height>
            <texture></texture>
            <colordiffuse>FFFFFFFF</colordiffuse>
        </control>-->

        <control type="label" id="302">
            <description>Channel 2 Name</description>
            <posx>150</posx>
            <posy>540</posy>
            <width>250</width>
            <height>70</height>
            <label>Channel</label>
            <font>Size24</font>
            <align>left</align>
            <aligny>center</aligny>
            <textcolor>FFFFFFFF</textcolor>
        </control>

        <control type="label" id="312">
            <description>Channel 2 Number</description>
            <posx>140</posx>
            <posy>540</posy>
            <width>30</width>
            <height>70</height>
            <label>2</label>
            <font>Size24</font>
            <align>right</align>
            <aligny>center</aligny>
            <textcolor>FFFFFFFF</textcolor>
        </control>

        <!--<control type="image" id="322">
            <description>Channel 2 Icon</description>
            <posx>4</posx>
            <posy>368</posy>
            <width>74</width>
            <height>74</height>
            <texture></texture>
            <colordiffuse>FFFFFFFF</colordiffuse>
        </control>-->

        <control type="label" id="303">
            <description>Channel 3 Name</description>
            <posx>150</posx>
            <posy>630</posy>
            <width>250</width>
            <height>70</height>
            <label>Channel</label>
            <font>Size24</font>
            <align>left</align>
            <aligny>center</aligny>
            <textcolor>FFFFFFFF</textcolor>
        </control>

        <control type="label" id="313">
            <description>Channel 3 Number</description>
            <posx>140</posx>
            <posy>630</posy>
            <width>30</width>
            <height>70</height>
            <label>3</label>
            <font>Size24</font>
            <align>right</align>
            <aligny>center</aligny>
            <textcolor>FFFFFFFF</textcolor>
        </control>

        <!--<control type="image" id="323">
            <description>Channel 3 Icon</description>
            <posx>4</posx>
            <posy>448</posy>
            <width>74</width>
            <height>74</height>
            <texture></texture>
            <colordiffuse>FFFFFFFF</colordiffuse>
        </control>-->

        <control type="label" id="304">
            <description>Channel 4 Name</description>
            <posx>150</posx>
            <posy>720</posy>
            <width>250</width>
            <height>70</height>
            <label>Channel</label>
            <font>Size24</font>
            <align>left</align>
            <aligny>center</aligny>
            <textcolor>FFFFFFFF</textcolor>
        </control>

        <control type="label" id="314">
            <description>Channel 4 Number</description>
            <posx>140</posx>
            <posy>720</posy>
            <width>30</width>
            <height>70</height>
            <label>4</label>
            <font>Size24</font>
            <align>right</align>
            <aligny>center</aligny>
            <textcolor>FFFFFFFF</textcolor>
        </control>

        <!--<control type="image" id="324">
            <description>Channel 4 Icon</description>
            <posx>4</posx>
            <posy>528</posy>
            <width>74</width>
            <height>74</height>
            <texture></texture>
            <colordiffuse>FFFFFFFF</colordiffuse>
        </control>-->

        <control type="label" id="305">
            <description>Channel 5 Name</description>
			<posx>150</posx>
            <posy>810</posy>
            <width>250</width>
            <height>70</height>
            <label>Channel</label>
            <font>Size24</font>
            <align>left</align>
            <aligny>center</aligny>
            <textcolor>FFFFFFFF</textcolor>
        </control>

        <control type="label" id="315">
            <description>Channel 5 Number</description>
            <posx>140</posx>
            <posy>810</posy>
            <width>30</width>
            <height>70</height>
            <label>5</label>
            <font>Size24</font>
            <align>right</align>
            <aligny>center</aligny>
            <textcolor>FFFFFFFF</textcolor>
        </control>

        <!--<control type="image" id="325">
            <description>Channel 5 Icon</description>
            <posx>4</posx>
            <posy>608</posy>
            <width>74</width>
            <height>74</height>
            <texture></texture>
            <colordiffuse>FFFFFFFF</colordiffuse>
        </control>-->
		
		<control type="label" id="306">
            <description>Channel 6 Name</description>
            <posx>150</posx>
            <posy>900</posy>
            <width>250</width>
            <height>70</height>
            <label>Channel</label>
            <font>Size24</font>
            <align>left</align>
            <aligny>center</aligny>
            <textcolor>FFFFFFFF</textcolor>
        </control>

        <control type="label" id="316">
            <description>Channel 6 Number</description>
            <posx>140</posx>
            <posy>900</posy>
            <width>30</width>
            <height>70</height>
            <label>6</label>
            <font>Size24</font>
            <align>right</align>
            <aligny>center</aligny>
            <textcolor>FFFFFFFF</textcolor>
        </control>

        <!--<control type="image" id="326">
            <description>Channel 6 Icon</description>
            <posx>4</posx>
            <posy>608</posy>
            <width>74</width>
            <height>74</height>
            <texture></texture>
            <colordiffuse>FFFFFFFF</colordiffuse>
        </control>-->
    </controls>
</window>
