﻿<?xml version="1.0" encoding="UTF-8"?>
<window id="11">
  <defaultcontrol always="true">8</defaultcontrol>
  <allowoverlay>no</allowoverlay>
  <controls>
    <control type="videowindow" id="20" description="videowindow">
      <include>Dimensions_Fullscreen</include>
    </control>
    <control type="mover" id="8" description="top left">
      <posx>0</posx>
      <posy>0</posy>
      <width>256</width>
      <height>256</height>
      <texturefocus>calibrate/CalibrateTopLeft.png</texturefocus>
      <texturenofocus>-</texturenofocus>
    </control>
    <control type="mover" id="9" description="right bottom">
      <posx>1644</posx>
      <posy>824</posy>
      <width>256</width>
      <height>256</height>
      <texturefocus>calibrate/CalibrateBottomRight.png</texturefocus>
      <texturenofocus>-</texturenofocus>
    </control>
    <control type="mover" id="10" description="subtitle position">
      <posx>832</posx>
      <posy>592</posy>
      <width>256</width>
      <height>128</height>
      <texturefocus border="0,3,0,3">calibrate/CalibrateSubs.png</texturefocus>
      <texturenofocus>-</texturenofocus>
    </control>
    <control type="resize" id="11" description="pixel aspect ratio">
      <posx>0</posx>
      <posy>348</posy>
      <width>384</width>
      <height>384</height>
      <texturefocus>calibrate/CalibratePixelRatio.png</texturefocus>
      <texturenofocus>-</texturenofocus>
    </control>
	<control type="label" id="2" description="coordinates label">
      <posx>30</posx>
      <posy>60</posy>
      <width>1860</width>
      <align>center</align>
      <label>-</label>
    </control>
    <control type="label" id="3" description="help information">
      <posx>30</posx>
      <posy>105</posy>
      <width>1860</width>
      <align>center</align>
      <label>-</label>
    </control>
  </controls>
</window>
