﻿<?xml version="1.0" encoding="UTF-8"?>
<window id="34">
  <defaultcontrol always="true">2</defaultcontrol>
  <allowoverlay>no</allowoverlay>
  <include>OpenClose</include>
  <controls>
    <include>BlackBackground</include>
    <control type="label" description="Heading">
      <posy>70</posy>
      <include>Heading</include>
      <label>10034</label>
    </control>
    <control type="togglebutton" id="4" description="Toggle Login Screen">
      <posx>610</posx>
      <posy>160</posy>
      <height>81</height>
      <width>700</width>
      <label>$LOCALIZE[20096]:  $LOCALIZE[1223]</label>
      <altlabel>$LOCALIZE[20096]:  $LOCALIZE[305]</altlabel>
      <align>center</align>
      <onright>-</onright>
      <onleft>-</onleft>
      <onup>2</onup>
      <ondown>2</ondown>
      <font>size36</font>
      <textoffsetx>20</textoffsetx>
    </control>
    <control type="image">
      <animation effect="fade" time="300">VisibleChange</animation>
      <posy>256</posy>
      <width>1920</width>
      <height>1</height>
      <texture>images/Line.png</texture>
      <aspectratio>stretch</aspectratio>
    </control>
    <control type="group" description="List">
      <posx>510</posx>
      <posy>282</posy>
      <control type="list" id="2">
        <posx>0</posx>
        <posy>0</posy>
        <width>900</width>
        <height>730</height>
        <onleft>-</onleft>
        <onright>-</onright>
        <onup>4</onup>
        <ondown>-</ondown>
        <pagecontrol>60</pagecontrol>
        <scrolltime>280</scrolltime>
        <itemlayout height="81">
          <control type="label" description="Main Label">
            <posx>30</posx>
            <height>81</height>
            <width>900</width>
            <aligny>center</aligny>
            <font>size36</font>
            <textcolor>White</textcolor>
            <label>$INFO[ListItem.Label]</label>
          </control>
        </itemlayout>
        <focusedlayout height="81">
          <control type="image">
            <visible>!Control.HasFocus(4)</visible>
            <width>900</width>
            <height>81</height>
            <texture border="8">Images/Buttonselect.png</texture>
            <aspectratio>stretch</aspectratio>
          </control>
          <control type="label" description="Main Label">
            <posx>30</posx>
            <height>81</height>
            <width>900</width>
            <aligny>center</aligny>
            <font>size36</font>
            <textcolor>White2</textcolor>
            <label>$INFO[ListItem.Label]</label>
          </control>
        </focusedlayout>
      </control>
    </control>
    <control type="image">
      <posy>30</posy>
      <posx>30</posx>
      <width>80</width>
      <height>80</height>
      <texture diffuse="images/logindiffuse.png">$INFO[System.ProfileThumb]</texture>
      <aspectratio>stretch</aspectratio>
    </control>
  </controls>
</window>
