<?xml version="1.0" encoding="UTF-8"?>
<window id="2901">
  <defaultcontrol always="true">100</defaultcontrol>
  <allowoverlay>yes</allowoverlay>
  <zorder>2</zorder>
  <controls>
    <control type="group" id="101" description="Options content">
      <visible>!Window.IsVisible(10123) + !Window.IsVisible(10124) + !Window.IsVisible(10125)</visible>
      <posx>630</posx>
      <posy>865</posy>
      <animation type="Focus">
        <effect type="slide" tween="Cubic" easing="out" start="0,0" end="0,-850" time="800" />
      </animation>
      <animation type="Unfocus">
        <effect type="slide" tween="Cubic" easing="in" start="0,-850" end="0,0" time="500" />
      </animation>
      <control type="image">
        <posx>430</posx>
        <posy>66</posy>
        <width>900</width>
        <height>900</height>
        <aspectratio>stretch</aspectratio>
        <texture border="150">images/Dialog.png</texture>
      </control>
      <control type="grouplist" description="OSD Options">
        <posx>600</posx>
        <posy>246</posy>
        <width>720</width>
        <height>720</height>
        <itemgap>0</itemgap>
        <onleft>100</onleft>
        <onright>100</onright>
        <onup>101</onup>
        <ondown>101</ondown>
        <itemgap>0</itemgap>
        <scrolltime>240</scrolltime>
        <control type="togglebutton" id="701" description="Subtitles">
          <include>DialogButt</include>
          <label>$LOCALIZE[33003] $LOCALIZE[287]</label>
          <onclick>SetFocus(100)</onclick>
          <onclick>Close</onclick>
          <onclick>XBMC.RunScript($INFO[Skin.String(SubtitleScript_Path)])</onclick>
          <onclick>SetFocus(100)</onclick>
          <altclick>Skin.SetAddon(SubtitleScript_Path,xbmc.python.subtitles)</altclick>
          <altclick>Close</altclick>
          <altclick>XBMC.RunScript($INFO[Skin.String(SubtitleScript_Path)])</altclick>
          <usealttexture>IsEmpty(Skin.String(SubtitleScript_Path))</usealttexture>
        </control>
        <control type="button" id="703">
          <include>DialogButt</include>
          <label>13395</label>
          <onclick>ActivateWindow(OSDVideoSettings)</onclick>
        </control>
        <control type="button" id="704">
          <include>DialogButt</include>
          <label>$LOCALIZE[292] &amp; $LOCALIZE[287]</label>
          <onclick>ActivateWindow(OSDAudioSettings)</onclick>
        </control>
        <control type="button" id="705">
          <include>DialogButt</include>
          <label>298</label>
          <onclick>ActivateWindow(VideoBookmarks)</onclick>
        </control>
        <control type="togglebutton" id="706" description="Info">
          <include>DialogButt</include>
          <label>20176</label>
          <onclick>close</onclick>
          <onclick>ActivateWindow(142)</onclick>
          <altclick>close</altclick>
          <altclick>Dialog.Close(142)</altclick>
          <usealttexture>Window.IsActive(142)</usealttexture>
        </control>
        <control type="button" id="707">
          <include>DialogButt</include>
          <label>21445</label>
          <onclick>CodecInfo</onclick>
        </control>
        <control type="button" id="708">
          <include>DialogButt</include>
          <label>25003</label>
          <onclick>PlayerControl(ShowVideoMenu)</onclick>
          <enable>VideoPlayer.HasMenu</enable>
          <animation effect="fade" start="100" end="50" time="100" condition="!VideoPlayer.HasMenu">Conditional</animation>
        </control>
      </control>
    </control>
    <control type="group">
      <visible>![Window.IsActive(DialogSelect.xml) | Window.IsActive(SliderDialog) | Window.IsActive(OSDVideoSettings) | Window.IsActive(OSDAudioSettings) | Window.IsActive(VideoBookmarks) | Window.IsActive(script-XBMC-Subtitles-main.xml)]</visible>
      <animation effect="fade" end="100" time="400">Visible</animation>
      <animation effect="fade" end="0" time="100">Hidden</animation>
      <posx>0</posx>
      <posy>0</posy>
      <control type="group">
        <control type="group" description="Dialog Background">
          <visible>Window.IsVisible(videoosd.xml) + Window.IsActive(dialogseekbar.xml)</visible>
          <control type="image">
            <posx>35</posx>
            <posy>873</posy>
            <width>1850</width>
            <height>150</height>
            <aspectratio>stretch</aspectratio>
            <texture border="70">Seekbar/OSDBackground.png</texture>
          </control>
        </control>
        <control type="label" description="Title">
          <posx>120</posx>
          <posy>880</posy>
          <height>60</height>
          <width>840</width>
          <scroll>true</scroll>
          <font>size33B</font>
          <textcolor>Yellow</textcolor>
          <shadowcolor>Black</shadowcolor>
          <label>[B]$INFO[VideoPlayer.Title][/B] </label>
        </control>
		
        <control type="group" description="Cover">
          <camera x="1720" y="720" />
		  <animation effect="fade" start="0" end="100" time="600">VisibleChange</animation>
          <animation effect="rotatey" end="20" center="1720,0" reversible="false" condition="true">Conditional</animation>
		  <visible>!ControlGroup(101).HasFocus()</visible>
          <posx>1610</posx>
          <posy>600</posy>
          <control type="image" description="CoverReal">
            <height>300</height>
            <width>220</width>
            <aspectratio>keep</aspectratio>
            <texture diffuse="images/Diffuse.png">$INFO[Player.Art(poster)]</texture>
          </control>
          <control type="image" description="CoverReal">
            <posy>300</posy>
            <height>300</height>
            <width>220</width>
            <aspectratio>keep</aspectratio>
            <texture flipy="true" diffuse="images/Reflection.png">$INFO[Player.Art(poster)]</texture>
          </control>
		  <control type="image" description="CoverReal">
            <height>300</height>
            <width>220</width>
            <aspectratio>keep</aspectratio>
            <texture diffuse="images/Diffuse.png">$INFO[Player.Art(tvshow.poster)]</texture>
          </control>
          <control type="image" description="CoverReal">
            <posy>300</posy>
            <height>300</height>
            <width>220</width>
            <aspectratio>keep</aspectratio>
            <texture flipy="true" diffuse="images/Reflection.png">$INFO[Player.Art(tvshow.poster)]</texture>
          </control>
		  <control type="label" description="Episode">
		  <visible>VideoPlayer.Content(Episodes)</visible>
          <posx>190</posx>
          <posy>290</posy>
          <height>60</height>
          <width>220</width>
          <scroll>false</scroll>
          <font>size12B</font>
		  <align>right</align>
          <textcolor>Yellow</textcolor>
          <shadowcolor>Black</shadowcolor>
          <label>[B]S $INFO[VideoPlayer.Season] E $INFO[VideoPlayer.Episode][/B] </label>
        </control>
        </control>
      </control>
      <control type="list" id="100">
        <posx>1050</posx>
        <posy>220r</posy>
        <onright>100</onright>
        <onleft>100</onleft>
        <onup>101</onup>
        <ondown>101</ondown>
        <width>700</width>
        <height>100</height>
        <orientation>horizontal</orientation>
        <itemlayout width="90">
          <control type="image">
            <posx>0</posx>
            <posy>0</posy>
            <width>90</width>
            <height>98</height>
            <texture>$INFO[ListItem.thumb]</texture>
          </control>
        </itemlayout>
        <focusedlayout width="90">
          <control type="image">
            <posx>0</posx>
            <posy>0</posy>
            <width>90</width>
            <height>98</height>
            <texture>$INFO[ListItem.label]</texture>
          </control>
        </focusedlayout>
        <content>
          <item id="0">
            <thumb>Seekbar/OSDPreviousNF.png</thumb>
            <label>Seekbar/OSDPreviousFO.png</label>
            <onclick>PlayerControl(Previous)</onclick>
          </item>
          <item id="1">
            <thumb>Seekbar/OSDRWNF.png</thumb>
            <label>Seekbar/OSDRWFO.png</label>
            <onclick>PlayerControl(Rewind)</onclick>
          </item>
          <item id="2">
            <visible>!Player.Paused + !Player.Forwarding + !Player.Rewinding</visible>
            <thumb>Seekbar/OSDPauseNF.png</thumb>
            <label>Seekbar/OSDPauseFO.png</label>
            <onclick>PlayerControl(Play)</onclick>
          </item>
          <item id="3">
            <visible>Player.Paused | Player.Forwarding | Player.Rewinding</visible>
            <thumb>Seekbar/OSDPlayNF.png</thumb>
            <label>Seekbar/OSDPlayFO.png</label>
            <onclick>PlayerControl(Play)</onclick>
          </item>
          <item id="4">
            <thumb>Seekbar/OSDStopNF.png</thumb>
            <label>Seekbar/OSDStopFO.png</label>
            <onclick>PlayerControl(Stop)</onclick>
          </item>
          <item id="5">
            <thumb>Seekbar/OSDFWNF.png</thumb>
            <label>Seekbar/OSDFWFO.png</label>
            <onclick>PlayerControl(Forward)</onclick>
          </item>
          <item id="6">
            <thumb>Seekbar/OSDNextNF.png</thumb>
            <label>Seekbar/OSDNextFO.png</label>
            <onclick>PlayerControl(Next)</onclick>
          </item>
        </content>
      </control>
    </control>
    <control type="image">
      <visible>!ControlGroup(101).HasFocus()</visible>
      <animation type="Visible">
        <effect type="fade" tween="circle" easing="in" start="0" end="100" time="800" />
      </animation>
      <posx>1500</posx>
      <posy>1030</posy>
      <width>48</width>
      <height>48</height>
      <texture>images/Dialogpull.png</texture>
    </control>
  </controls>
</window>
