﻿<?xml version="1.0" encoding="UTF-8"?>
<includes>
  <include name="Videoviews">
    <!--LISTA GRANDE -->
    <control type="group" description="BigList">
      <visible>Control.IsVisible(50)</visible>
      <include>left_Panel</include>
	  
      <control type="group">
        <include>LargeListItemCount</include>
        <posx>1020</posx>
        <posy>141</posy>
        <control type="fixedlist" id="50">
          <visible>container.content(movies) | [container.content(tvshows) + !Skin.HasSetting(PostersHide)] | container.content(seasons) | container.content(episodes) | container.content(musicvideos) | container.content(addons) | container.content(files)</visible>
          <visible>!IsEmpty(Container.FolderPath)</visible>
          <width>802</width>
          <height>888</height>
          <onleft condition="!Skin.HasSetting(ViewsMenuOff)">9000</onleft>
          <onleft condition="Skin.HasSetting(ViewsMenuOff)">-</onleft>
          <onright condition="Skin.HasSetting(Scrollbars_Active)">60</onright>
          <onright condition="!Skin.HasSetting(Scrollbars_Active)">-</onright>
          <onup>50</onup>
          <ondown>50</ondown>
          <pagecontrol>60</pagecontrol>
          <viewtype label="537">Big List 50</viewtype>
          <focusposition>3</focusposition>
          <movement>4</movement>
          <preloaditems>4</preloaditems>
          <scrolltime tween="sine" easing="inout">280</scrolltime>
          <include>LargeListLayout</include>
        </control>
        <include>LargeListSlider</include>
      </control>
      <include>ListFade</include>
      <control type="scrollbar" id="60">
        <posx>39r</posx>
        <posy>135</posy>
        <height>870</height>
        <onleft>50</onleft>
        <onright>-</onright>
      </control>
    </control>
    
    <!--ICONE-->
    <control type="group" description="Grid view">
      <visible>Control.IsVisible(53)</visible>
      <control type="group" description="Container and frame">
        <control type="panel" id="53" description="Grid">
          <visible>!IsEmpty(Container.FolderPath) + container.content(movies) | container.content(tvshows) | container.content(seasons) | container.content(episodes) | container.content(musicvideos) | container.content(addons) | container.content(files)</visible>
          <viewtype label="536">Grid</viewtype>
          <posx>60</posx>
          <posy>60</posy>
          <width>1800</width>
          <height>900</height>
          <orientation>vertical</orientation>
          <onleft condition="!Skin.HasSetting(ViewsMenuOff)">9000</onleft>
          <onleft condition="Skin.HasSetting(ViewsMenuOff)">ReloadSkin()</onleft>
          <onright condition="Skin.HasSetting(Scrollbars_Active)">60</onright>
          <onright condition="!Skin.HasSetting(Scrollbars_Active)">53</onright>
          <onup>53</onup>
          <ondown>53</ondown>
          <preloaditems>4</preloaditems>
          <pagecontrol>60</pagecontrol>
          <scrolltime tween="sine" easing="inout">500</scrolltime>
          <itemlayout condition="Container.Content(Movies) | Container.Content(TVshows) | Container.Content(seasons)" height="350" width="257">
            <control type="image">
              <posx>35</posx>
              <posy>320</posy>
              <width>197</width>
              <height>294</height>
              <texture flipy="true" diffuse="images/Reflection0.png" background="true">$INFO[ListItem.Icon]</texture>
              <aspectratio>scale</aspectratio>
            </control>
            <control type="image">
              <posx>35</posx>
              <posy>24</posy>
              <width>197</width>
              <height>294</height>
              <texture background="true">$INFO[ListItem.Icon]</texture>
              <aspectratio>scale</aspectratio>
            </control>
            
            <control type="group">
              <visible>container.content(TVshows) | container.content(seasons)</visible>
              <control type="image">
                <visible>IntegerGreaterThan(ListItem.Property(UnwatchedEpisodes),0)</visible>
                <posx>123</posx>
                <posy>276</posy>
                <height>45</height>
                <width>150</width>
                <aspectratio>keep</aspectratio>
                <texture>badges/BadgeCount.png</texture>
              </control>
              <control type="label" description="Label2">
                <visible>IntegerGreaterThan(ListItem.Property(UnwatchedEpisodes),0)</visible>
                <posx>197</posx>
                <posy>270</posy>
                <height>45</height>
                <width>150</width>
                <font>size24</font>
                <scroll>true</scroll>
                <align>center</align>
                <scroll>false</scroll>
                <textcolor>White</textcolor>
                <label>[B]$INFO[ListItem.Property(UnwatchedEpisodes)][/B]</label>
              </control>
            </control>
            <control type="image" description="WatchStatus">
              <visible>!SubString(ListItem.Path,videodb://1/7)</visible>
              <posx>30</posx>
              <posy>290</posy>
              <height>32</height>
              <width>60</width>
              <aspectratio align="left">keep</aspectratio>
              <texture>$VAR[WatchStatus]</texture>
            </control>
          </itemlayout>
          <focusedlayout condition="Container.Content(Movies) | container.content(TVshows) | container.content(seasons)" height="350" width="257">
            <control type="image">
              <posx>35</posx>
              <posy>320</posy>
              <width>197</width>
              <height>294</height>
              <texture flipy="true" diffuse="images/Reflection0.png" background="true" >$INFO[ListItem.Icon]</texture>
              <aspectratio>scale</aspectratio>
            </control>
            <control type="image">
              <posx>35</posx>
              <posy>24</posy>
              <width>197</width>
              <height>294</height>
              <texture background="true">$INFO[ListItem.Icon]</texture>
              <aspectratio>scale</aspectratio>
            </control>
           
            <control type="label">
              <animation effect="fade" start="0" end="100" time="200" delay="100">Focus</animation>
              <posx>135</posx>
              <posy>319</posy>
              <width>270</width>
              <height>45</height>
              <font>size27</font>
              <textcolor>White2</textcolor>
              <shadowcolor>Black</shadowcolor>
              <align>center</align>
              <label>[B]$INFO[ListItem.Label][/B]</label>
            </control>
            <control type="group">
              <visible>container.content(TVshows) | container.content(seasons)</visible>
              <control type="image">
                <visible>IntegerGreaterThan(ListItem.Property(UnwatchedEpisodes),0)</visible>
                <posx>123</posx>
                <posy>276</posy>
                <height>45</height>
                <width>150</width>
                <aspectratio>keep</aspectratio>
                <texture>badges/BadgeCount.png</texture>
              </control>
              <control type="label" description="Label2">
                <visible>IntegerGreaterThan(ListItem.Property(UnwatchedEpisodes),0)</visible>
                <posx>197</posx>
                <posy>270</posy>
                <height>45</height>
                <width>150</width>
                <font>size24</font>
                <scroll>true</scroll>
                <align>center</align>
                <scroll>false</scroll>
                <textcolor>White</textcolor>
                <label>[B]$INFO[ListItem.Property(UnwatchedEpisodes)][/B]</label>
              </control>
            </control>
            <control type="image" description="WatchStatus">
              <visible>!SubString(ListItem.Path,videodb://1/7)</visible>
              <posx>30</posx>
              <posy>290</posy>
              <height>32</height>
              <width>60</width>
              <aspectratio align="left">keep</aspectratio>
              <texture>$VAR[WatchStatus]</texture>
            </control>
          </focusedlayout>
          <itemlayout condition="container.content(addons) | container.content(files)" height="360" width="360">
            <control type="image">
              <posx>45</posx>
              <posy>264</posy>
              <width>255</width>
              <height>255</height>
              <texture flipy="true" diffuse="images/Reflection0.png" background="true">$INFO[ListItem.Art(poster)]</texture>
              <aspectratio>keep</aspectratio>
            </control>
            <control type="image">
              <posx>45</posx>
              <posy>9</posy>
              <width>255</width>
              <height>255</height>
              <texture background="true">$INFO[ListItem.Icon]</texture>
              <aspectratio>keep</aspectratio>
            </control>
           
          </itemlayout>
          <focusedlayout condition="container.content(addons) | container.content(files)" height="360" width="360">
            <control type="image">
              <animation effect="fade" start="100" end="20" delay="100" time="200" reversible="true">Focus</animation>
              <posx>45</posx>
              <posy>264</posy>
              <width>255</width>
              <height>255</height>
              <texture flipy="true" diffuse="images/Reflection0.png" background="true">$INFO[ListItem.Icon]</texture>
              <aspectratio>keep</aspectratio>
            </control>
            <control type="image">
              <posx>45</posx>
              <posy>9</posy>
              <width>255</width>
              <height>255</height>
              <texture background="true">$INFO[ListItem.Icon]</texture>
              <aspectratio>keep</aspectratio>
            </control>
           
            <control type="label">
              <animation effect="fade" start="0" end="100" time="200" delay="100">Focus</animation>
              <posx>172</posx>
              <posy>270</posy>
              <width>270</width>
              <height>45</height>
              <font>size27</font>
              <textcolor>White2</textcolor>
              <shadowcolor>Black</shadowcolor>
              <align>center</align>
              <label>[B]$INFO[ListItem.Label][/B]</label>
            </control>
          </focusedlayout>
          <itemlayout height="375" width="450">
            <control type="image">
              <posx>45</posx>
              <posy>24</posy>
              <width>360</width>
              <height>255</height>
              <texture>images/ThumbBorder2.png</texture>
              <aspectratio>stretch</aspectratio>
            </control>
            <control type="image">
              <visible>container.content(episodes)</visible>
              <posx>45</posx>
              <posy>24</posy>
              <width>360</width>
              <height>255</height>
              <texture background="true">$INFO[ListItem.Icon]</texture>
              <aspectratio>scale</aspectratio>
            </control>
            <control type="image">
              <visible>![container.content(episodes)]</visible>
              <posx>45</posx>
              <posy>24</posy>
              <width>360</width>
              <height>255</height>
              <texture background="true">$INFO[ListItem.Icon]</texture>
              <aspectratio>keep</aspectratio>
            </control>
            
            <control type="image" description="WatchStatus">
              <visible>!SubString(ListItem.Path,videodb://1/7)</visible>
              <posx>40</posx>
              <posy>251</posy>
              <height>32</height>
              <width>60</width>
              <aspectratio align="left">keep</aspectratio>
              <texture>$VAR[WatchStatus]</texture>
            </control>
          </itemlayout>
          <focusedlayout height="375" width="450">
            <control type="image">
              <posx>45</posx>
              <posy>24</posy>
              <width>360</width>
              <height>255</height>
              <texture>images/ThumbBorder2.png</texture>
              <aspectratio>stretch</aspectratio>
            </control>
            <control type="image">
              <visible>container.content(episodes)</visible>
              <posx>45</posx>
              <posy>24</posy>
              <width>360</width>
              <height>255</height>
              <texture background="true">$INFO[ListItem.Icon]</texture>
              <aspectratio>scale</aspectratio>
            </control>
            <control type="image">
              <visible>![container.content(episodes)]</visible>
              <posx>45</posx>
              <posy>24</posy>
              <width>360</width>
              <height>255</height>
              <texture background="true">$INFO[ListItem.Icon]</texture>
              <aspectratio>keep</aspectratio>
            </control>
           
            <control type="label">
              <animation effect="fade" start="0" end="100" time="200" delay="100">Focus</animation>
              <posx>225</posx>
              <posy>300</posy>
              <width>420</width>
              <height>45</height>
              <font>size27</font>
              <textcolor>White2</textcolor>
              <shadowcolor>Black</shadowcolor>
              <align>center</align>
              <label>[B]$INFO[ListItem.Label][/B]</label>
            </control>
            <control type="image" description="WatchStatus">
              <visible>!SubString(ListItem.Path,videodb://1/7)</visible>
              <posx>40</posx>
              <posy>251</posy>
              <height>32</height>
              <width>60</width>
              <aspectratio align="left">keep</aspectratio>
              <texture>$VAR[WatchStatus]</texture>
            </control>
          </focusedlayout>
        </control>
        <control type="group" description="Slider Poster">
          <visible>Container.Content(Movies) | container.content(TVshows) | container.content(Seasons)</visible>
          <include>Scrollanim</include>
          <control type="image" description="Posters">
            <posx>80</posx>
            <posy>69</posy>
            <width>228</width>
            <height>322</height>
            <texture border="20">images/GeneralSlider.png</texture>
            <aspectratio>stretch</aspectratio>
            <animation condition="Container.Column(0)" effect="slide" easing="inout" start="0,0" end="0,0" time="220" reversible="true">Conditional</animation>
            <animation condition="Container.Column(1)" effect="slide" easing="inout" start="0,0" end="257,0" time="220" reversible="true">Conditional</animation>
            <animation condition="Container.Column(2)" effect="slide" easing="out" start="0,0" end="514,0" time="220" reversible="true">Conditional</animation>
            <animation condition="Container.Column(3)" effect="slide" easing="inout" start="0,0" end="771,0" time="220" reversible="true">Conditional</animation>
            <animation condition="Container.Column(4)" effect="slide" easing="inout" start="0,0" end="1028,0" time="220" reversible="true">Conditional</animation>
            <animation condition="Container.Column(5)" effect="slide" easing="inout" start="0,0" end="1285,0" time="220" reversible="true">Conditional</animation>
            <animation condition="Container.Column(6)" effect="slide" easing="inout" start="0,0" end="1542,0" time="220" reversible="true">Conditional</animation>
            <animation condition="Container.Row(0)" effect="slide" easing="inout" start="0,0" end="0,0" time="220" reversible="true">Conditional</animation>
            <animation condition="Container.Row(1)" effect="slide" easing="inout" start="0,0" end="0,350" time="220" reversible="true">Conditional</animation>
          </control>
        </control>
        <control type="group" description="Slider Square">
          <visible>container.content(addons) | container.content(files)</visible>
          <include>Scrollanim</include>
          <control type="image">
            <posx>92</posx>
            <posy>55</posy>
            <width>281</width>
            <height>281</height>
            <texture border="20">images/GeneralSlider.png</texture>
            <aspectratio>stretch</aspectratio>
            <animation condition="Container.Column(0)" effect="slide" start="0,0" end="0,0" time="220" reversible="true">Conditional</animation>
            <animation condition="Container.Column(1)" effect="slide" start="0,0" end="360,0" time="220" reversible="true">Conditional</animation>
            <animation condition="Container.Column(2)" effect="slide" start="0,0" end="720,0" time="220" reversible="true">Conditional</animation>
            <animation condition="Container.Column(3)" effect="slide" start="0,0" end="1080,0" time="220" reversible="true">Conditional</animation>
            <animation condition="Container.Column(4)" effect="slide" start="0,0" end="1440,0" time="220" reversible="true">Conditional</animation>
            <animation condition="Container.Row(0)" effect="slide" start="0,0" end="0,0" time="220" reversible="true">Conditional</animation>
            <animation condition="Container.Row(1)" effect="slide" start="0,0" end="0,360" time="220" reversible="true">Conditional</animation>
            <animation condition="Container.Row(2)" effect="slide" start="0,0" end="0,720" time="220" reversible="true">Conditional</animation>
          </control>
        </control>
        <control type="group" description="Slider Rest">
          <visible>![Container.Content(Movies) | container.content(TVshows) | Container.Content(seasons) | container.content(addons) | container.content(files)]</visible>
          <include>Scrollanim</include>
          <control type="image" description="Rest">
            <posx>92</posx>
            <posy>71</posy>
            <width>386</width>
            <height>280</height>
            <texture border="20">images/GeneralSlider.png</texture>
            <aspectratio>stretch</aspectratio>
            <animation condition="Container.Column(0)" effect="slide" easing="inout" start="0,0" end="0,0" time="220" reversible="true">Conditional</animation>
            <animation condition="Container.Column(1)" effect="slide" easing="inout" start="0,0" end="450,0" time="220" reversible="true">Conditional</animation>
            <animation condition="Container.Column(2)" effect="slide" easing="inout" start="0,0" end="900,0" time="220" reversible="true">Conditional</animation>
            <animation condition="Container.Column(3)" effect="slide" easing="inout" start="0,0" end="1350,0" time="220" reversible="true">Conditional</animation>
            <animation condition="Container.Row(0)" effect="slide" easing="inout" start="0,0" end="0,0" time="220" reversible="true">Conditional</animation>
            <animation condition="Container.Row(1)" effect="slide" easing="inout" start="0,0" end="0,375" time="220" reversible="true">Conditional</animation>
          </control>
        </control>
      </control>
      <control type="image" description="Line Split">
        <posx>260</posx>
        <posy>60</posy>
        <width>1500</width>
        <height>1</height>
        <texture>images/Line.png</texture>
        <aspectratio>stretch</aspectratio>
      </control>
      <control type="grouplist" description="Media Header">
        <posx>60</posx>
        <width>930</width>
        <height>75</height>
        <align>left</align>
        <aligny>bottom</aligny>
        <orientation>horizontal</orientation>
        <control type="label" id="7777" description="Heading">
          <width min="60" max="930">auto</width>
          <height>75</height>
          <font>size28</font>
          <textcolor>White2</textcolor>
          <label>$VAR[RootLabel]</label>
        </control>
        <control type="label" description="Number of files">
          <visible>!IsEmpty(Control.GetLabel(7777))</visible>
          <width min="60" max="120">auto</width>
          <height>81</height>
          <font>size26</font>
          <textcolor>Grey</textcolor>
          <label>$INFO[Container.NumItems,  (,)]</label>
        </control>
      </control>
      <control type="image" description="shade">
        <width>1920</width>
        <height>1080</height>
        <texture>Shades/iconvshade.png</texture>
      </control>
      <control type="label" description="Media title">
        <posx>60</posx>
        <posy>910</posy>
        <width>1800</width>
        <font>size42B</font>
        <textcolor>Silver</textcolor>
        <align>center</align>
        <label>$INFO[ListItem.label]</label>
      </control>
      <control type="label" description="Media details">
        <posx>60</posx>
        <posy>955</posy>
        <width>1800</width>
        <textcolor>Silver</textcolor>
        <align>center</align>
        <font>Size13</font>
        <label>[COLOR=Grey]$VAR[TopLabel,  ][/COLOR]</label>
      </control>
      <control type="image" description="Stars">
        <posx>250r</posx>
        <posy>1010</posy>
        <visible>!IsEmpty(ListItem.Rating)</visible>
        <height>24</height>
    <width>135</width>
    <aspectratio align="right">keep</aspectratio>
    <texture>$INFO[ListItem.Rating,badges/,.png]</texture>
      </control>
      <control type="grouplist">
        <posx>100</posx>
        <posy>1015</posy>
        <height>50</height>
        <width>1720</width>
        <itemgap>15</itemgap>
        <orientation>horizontal</orientation>
        <control type="image" description="Sets">
          <visible>SubString(ListItem.Path,videodb://1/7)</visible>
          <height>33</height>
          <width>60</width>
          <aspectratio>keep</aspectratio>
          <texture>badges/setsFO.png</texture>
        </control>
        <control type="image">
          <height>25</height>
          <width>65</width>
          <aspectratio>keep</aspectratio>
          <texture>$INFO[ListItem.VideoResolution,badges/Video/,.png]</texture>
        </control>
        <control type="image">
          <height>25</height>
          <width>65</width>
          <aspectratio>keep</aspectratio>
          <texture>$INFO[ListItem.AudioCodec,badges/Audio/,.png]</texture>
        </control>
        <control type="image">
          <height>25</height>
          <width>65</width>
          <aspectratio>keep</aspectratio>
          <texture>$INFO[ListItem.VideoCodec,badges/Video/,.png]</texture>
        </control>
        <control type="image">
          <height>25</height>
          <width>65</width>
          <aspectratio>keep</aspectratio>
          <texture>$INFO[ListItem.FileExtension,badges/Video/,.png]</texture>
        </control>
		<control type="image">
		<visible>!IsEmpty(ListItem.Mpaa) + Container.Content(Movies)</visible>
          <height>25</height>
          <width>65</width>
          <aspectratio>keep</aspectratio>
          <texture>$VAR[MPAAS,Mpaa/,.png]</texture>
        </control>
      </control>
      <control type="scrollbar" id="60">
        <posx>30r</posx>
        <posy>219</posy>
        <height>780</height>
        <onleft>53</onleft>
        <onright>-</onright>
      </control>
      <control type="image" description="Line Split">
        <posx>260</posx>
        <posy>1030</posy>
        <width>1500</width>
        <height>1</height>
        <texture>images/Line.png</texture>
        <aspectratio>stretch</aspectratio>
      </control>
    </control>
    
    <!--BANNERS-->
    <control type="group" description="BANNERS">
      <visible>Control.IsVisible(55)</visible>
      <control type="group" description="Container and frame">
	   <control type="image">
        <include>Dimensions_Fullscreen</include>
        <include>Fanart_Fade</include>
        <texture background="true">$INFO[ListItem.Property(fanart_image)]</texture>
		<colordiffuse>55AAAABB</colordiffuse>
        <aspectratio>scale</aspectratio>
      </control>
        <control type="fixedlist" id="55" description="bannerlist">
          <visible>container.content(tvshows)</visible>
          <visible>!IsEmpty(Container.FolderPath)</visible>
          <viewtype label="539">Banners</viewtype>
          <posx>60</posx>
          <posy>140</posy>
          <width>1800</width>
          <height>928</height>
          <orientation>vertical</orientation>
          <focusposition>1</focusposition>
          <preloaditems>2</preloaditems>
          <onup>-</onup>
          <ondown>-</ondown>
          <onleft condition="!Skin.HasSetting(ViewsMenuOff)">9000</onleft>
          <onright condition="Skin.HasSetting(Scrollbars_Active)">60</onright>
          <preloaditems>4</preloaditems>
          <pagecontrol>60</pagecontrol>
          <scrolltime>400</scrolltime>
          <itemlayout condition="container.content(tvshows)" height="200" width="1800">
            <control type="image">
              <posx>521</posx>
              <posy>220</posy>
              <width>758</width>
              <height>140</height>
              <texture flipy="true" diffuse="images/Reflection.png" background="true">$INFO[ListItem.Art(banner)]</texture>
              <aspectratio>keep</aspectratio>
            </control>
            <control type="image">
              <posx>521</posx>
              <posy>80</posy>
              <width>758</width>
              <height>140</height>
              <texture background="true" diffuse="images/DiffuseBanner.png">$INFO[ListItem.Art(banner)]</texture>
              <aspectratio>keep</aspectratio>
            </control>
            <control type="image">
              <visible>StringCompare(ListItem.Label,..)</visible>
              <posx>521</posx>
              <posy>80</posy>
              <width>758</width>
              <height>140</height>
              <texture background="true">DefaultFolderBack.png</texture>
              <aspectratio>keep</aspectratio>
            </control>
            <control type="image">
              <visible>IntegerGreaterThan(ListItem.Property(UnwatchedEpisodes),0)</visible>
              <posx>1200</posx>
              <posy>130</posy>
              <height>45</height>
              <width>150</width>
              <aspectratio>keep</aspectratio>
              <texture background="true">badges/BadgeCount.png</texture>
            </control>
            <control type="label" description="Label2">
              <visible>IntegerGreaterThan(ListItem.Property(UnwatchedEpisodes),0)</visible>
              <posx>1275</posx>
              <posy>125</posy>
              <height>45</height>
              <width>150</width>
              <font>size26</font>
              <scroll>true</scroll>
              <align>center</align>
              <scroll>false</scroll>
              <textcolor>White</textcolor>
              <label>[B]$INFO[ListItem.Property(UnwatchedEpisodes)][/B]</label>
            </control>
			<control type="image">
<visible>!StringCompare(ListItem.Label,..)</visible>
<posy>125</posy>
<posx>490</posx>
<width>50</width>
<height>50</height>
<texture>$VAR[MPAAS,Mpaa/,.png]</texture>
</control>
          </itemlayout>
          <focusedlayout condition="container.content(tvshows)" height="200" width="1800">
            <control type="group">
              <animation effect="zoom" end="150" center="880,150" time="350">Focus</animation>
              <animation effect="zoom" start="150" end="100" center="880,150" time="350">unFocus</animation>
              <control type="image">
                <visible>StringCompare(ListItem.Label,..)</visible>
                <posx>521</posx>
                <posy>80</posy>
                <width>758</width>
                <height>140</height>
                <texture background="true">DefaultFolderBack.png</texture>
                <aspectratio>keep</aspectratio>
              </control>
              <control type="image">
                <posx>521</posx>
                <posy>80</posy>
                <width>758</width>
                <height>140</height>
                <texture background="true" diffuse="images/DiffuseBanner.png">$INFO[ListItem.Art(banner)]</texture>
                <aspectratio>keep</aspectratio>
              </control>
              <control type="image">
                <posx>521</posx>
                <posy>79</posy>
                <width>758</width>
                <height>142</height>
                <texture background="true">images/BannerOverlay.png</texture>
                <aspectratio>keep</aspectratio>
              </control>
              <control type="image">
                <visible>IntegerGreaterThan(ListItem.Property(UnwatchedEpisodes),0)</visible>
                <posx>1200</posx>
                <posy>130</posy>
                <height>45</height>
                <width>150</width>
                <aspectratio>keep</aspectratio>
                <texture background="true">badges/BadgeCount.png</texture>
              </control>
              <control type="label" description="Label2">
                <visible>IntegerGreaterThan(ListItem.Property(UnwatchedEpisodes),0)</visible>
                <posx>1275</posx>
                <posy>125</posy>
                <height>45</height>
                <width>150</width>
                <font>size26</font>
                <scroll>true</scroll>
                <align>center</align>
                <scroll>false</scroll>
                <textcolor>White</textcolor>
                <label>[B]$INFO[ListItem.Property(UnwatchedEpisodes)][/B]</label>
              </control>
			<control type="image">
<visible>!StringCompare(ListItem.Label,..)</visible>
<posy>125</posy>
<posx>490</posx>
<width>50</width>
<height>50</height>
<texture>$VAR[MPAAS,Mpaa/,.png]</texture>
</control>
            </control>
          </focusedlayout>
        </control>
      </control>
      <control type="image" description="Line Split">
        <posx>129</posx>
        <posy>140</posy>
        <width>1674</width>
        <height>1</height>
        <texture>images/LineL.png</texture>
        <aspectratio>stretch</aspectratio>
      </control>
      <control type="grouplist" description="Media Header">
        <posx>40</posx>
        <posy>3</posy>
        <width>930</width>
        <height>75</height>
        <align>left</align>
        <aligny>bottom</aligny>
        <orientation>horizontal</orientation>
        <control type="label" id="7777" description="Heading">
          <width min="60" max="930">auto</width>
          <height>75</height>
          <font>size28</font>
          <textcolor>White2</textcolor>
          <label>$VAR[RootLabel]</label>
        </control>
        <control type="label" description="Number of files">
          <visible>!IsEmpty(Control.GetLabel(7777))</visible>
          <width min="60" max="120">auto</width>
          <height>81</height>
          <font>size26</font>
          <textcolor>Grey</textcolor>
          <label>$INFO[Container.NumItems,  (,)]</label>
        </control>
      </control>
      <control type="label" description="Media details">
        <posx>129</posx>
        <posy>90</posy>
        <width>1350</width>
        <textcolor>Silver</textcolor>
        <include>Genre51Commons</include>
        <label>$INFO[ListItem.Label]  [COLOR=Grey]$VAR[TopLabel][/COLOR]</label>
      </control>
      <control type="image" description="Rating">
        <visible>!IsEmpty(ListItem.Rating)</visible>
        <posx>240r</posx>
        <posy>90</posy>
        <height>24</height>
    <width>135</width>
    <aspectratio align="right">keep</aspectratio>
    <texture>$INFO[ListItem.Rating,badges/,.png]</texture>
      </control>
      <control type="image" description="Bottom fade">
        <posy>870</posy>
        <width>1920</width>
        <height>210</height>
        <texture>images/DefaultGradient.png</texture>
        <aspectratio>stretch</aspectratio>
      </control>
      <control type="scrollbar" id="60">
        <posx>45r</posx>
        <posy>219</posy>
        <height>780</height>
        <onleft>53</onleft>
        <onright>9000</onright>
      </control>
    </control>
    
    <!--FANART-->
    <control type="group" description="Fanart">
      <visible>Control.IsVisible(500)</visible>
      <control type="image">
        <include>Dimensions_Fullscreen</include>
        <include>Fanart_Fade</include>
        <texture background="true">$INFO[ListItem.Property(fanart_image)]</texture>
		<colordiffuse>55AAAABB</colordiffuse>
        <aspectratio>scale</aspectratio>
      </control>
      <control type="fixedlist" id="500" description="Shortcuts">
        <visible>Container.content(movies) | container.content(seasons) | container.content(tvshows)</visible>
        <onup condition="!Skin.HasSetting(ViewsMenuOff)">9000</onup>
        <onup condition="Skin.HasSetting(ViewsMenuOff)">-</onup>
        <ondown condition="Skin.HasSetting(Scrollbars_Active)">60</ondown>
        <ondown condition="!Skin.HasSetting(Scrollbars_Active)">-</ondown>
        <onleft>500</onleft>
        <onright>500</onright>
        <viewtype label="$LOCALIZE[20445]">Fanart</viewtype>
        <posx>-210</posx>
        <posy>570</posy>
        <width>2200</width>
        <height>700</height>
        <orientation>horizontal</orientation>
        <scrolltime>400</scrolltime>
        <focusposition>1</focusposition>
        <preloaditems>2</preloaditems>
        <pagecontrol>60</pagecontrol>
        <itemlayout condition="container.Content(Movies) | container.content(TVShows) | container.content(Seasons)" width="300" height="500">
          <control type="image" description="Reflection">
             <posx>85</posx>
                  <posy>440</posy>
                  <height>350</height>
                  <width>230</width>
            <texture background="true" diffuse="images/ReflectionShelf.png" flipy="true">$INFO[ListItem.Icon]</texture>
            <aspectratio>scale</aspectratio>
          </control>
          <control type="image" description="Thumb">
           <posx>85</posx>
                  <posy>80</posy>
                  <height>350</height>
                  <width>230</width>
            <texture background="true">$INFO[ListItem.Icon]</texture>
            <aspectratio>scale</aspectratio>
          </control>
          
          <control type="image" description="WatchStatus">
            <posx>76</posx>
            <posy>380</posy>
            <height>60</height>
            <width>60</width>
            <aspectratio align="left">keep</aspectratio>
            <texture>$VAR[WatchStatus]</texture>
          </control>
        </itemlayout>
        <focusedlayout condition="container.Content(Movies) | container.content(TVShows) | container.content(Seasons)" width="300" height="500">
		<control type="group">
                <animation effect="zoom" end="150" center="178,430" time="300" tween="Quadratic" easing="in">Focus</animation>
                <animation effect="zoom" start="150" end="100" center="178,430" time="50">unFocus</animation>
         
		 
		 <control type="image" description="black">
                  <posx>77</posx>
                  <posy>72</posy>
                  <height>366</height>
                  <width>246</width>
                  <texture background="true">images/Black.png</texture>
				  <colordiffuse>AA000000</colordiffuse>
                  <aspectratio>stretch</aspectratio>
                </control>
				<control type="image" description="white">
                  <visible>!ListItem.IsFolder</visible>
				  <posx>84</posx>
                  <posy>79</posy>
                  <height>352</height>
                  <width>232</width>
                  <texture background="true">images/White.png</texture>
                  <aspectratio>stretch</aspectratio>
                </control>
				
                <control type="image" description="THUMBNAIL">
                  <posx>85</posx>
                  <posy>80</posy>
                  <height>350</height>
                  <width>230</width>
                  <texture background="true" fallback="DefaultVideoCover.png">$INFO[ListItem.Icon]</texture>
                  <aspectratio>scale</aspectratio>
                </control>
                 <control type="image" description="WatchStatus">
            <posx>76</posx>
            <posy>380</posy>
            <height>60</height>
            <width>60</width>
            <aspectratio align="left">keep</aspectratio>
            <texture>$VAR[WatchStatus]</texture>
          </control>
              </control>
        </focusedlayout>
      </control>
      <control type="image" description="LeftFade">
        <include>VisibleFade</include>
        <width>15</width>
        <height>1080</height>
        <texture>images/DefaultGradientH.png</texture>
        <aspectratio>stretch</aspectratio>
      </control>
      <control type="image" description="RightFade">
        <include>VisibleFade</include>
        <posx>1906</posx>
        <width>15</width>
        <height>1080</height>
        <texture flipx="true">images/DefaultGradientH.png</texture>
        <aspectratio>stretch</aspectratio>
      </control>
      <control type="group" description="Media Info">
	  <visible>!ListItem.IsFolder</visible>
        <posy>40</posy>
        <posx>98</posx>
        <control type="image" description="Stars rating">
          <posx>1590</posx>
          <posy>435</posy>
          <height>45</height>
          <width>135</width>
          <aspectratio aligny="center" align="right">keep</aspectratio>
          <texture>$INFO[ListItem.Rating,badges/,.png]</texture>
        </control>
        <control type="label" description="Item Title">
          <font>size42B</font>
          <textcolor>Yellow</textcolor>
          <align>center</align>
          <width>1724</width>
          <info>ListItem.Label</info>
        </control>
        <control type="image" description="Line Split">
		<posx>450</posx>
          <posy>515</posy>
          <width>1300</width>
          <height>1</height>
          <texture>images/LineL.png</texture>
          <aspectratio>stretch</aspectratio>
        </control>
        <control type="group">
          <visible>!SubString(ListItem.Path,videodb://1/7)</visible>
		  <control type="image" description="lineplot">
		  <posy>70</posy>
		  <posx>550</posx>
		  <width>620</width>
		  <height>1</height>
		  <texture>Images/Line.png</texture>
		  </control>
		  <control type="image" description="lineplot">
		  
		  <posy>80</posy>
		  <width>1724</width>
		  <height>1</height>
		  <texture>Images/Line.png</texture>
		  </control>
          <control type="textbox" description="Plot">
		  <posy>80</posy>
            <width>1724</width>
            <height>330</height>
            <font>size30</font>
            <textcolor>Silver</textcolor>
            <align>justify</align>
            <autoscroll delay="7000" time="4300" repeat="10000"></autoscroll>
            <label>[B]$LOCALIZE[207] :[/B] $VAR[Plots]</label>
          </control>
		  <control type="image" description="lineplot">
		  <posy>410</posy>
		  <width>1724</width>
		  <height>1</height>
		  <texture>Images/Line.png</texture>
		  </control>
          <control type="label">
            <posy>440</posy>
            <font>size27</font>
            <height>40</height>
            <align>center</align>
            <width>1724</width>
            <label>$VAR[TopLabel]</label>
          </control>
          <control type="grouplist" description="Flags">
            <posy>540</posy>
            <width min="90" max="1724">auto</width>
            <height>150</height>
            <itemgap>30</itemgap>
            <orientation>horizontal</orientation>
            <align>center</align>
            <control type="image">
              <height>50</height>
              <width>130</width>
              <bordersize>3</bordersize>
              <aspectratio>keep</aspectratio>
              <colordiffuse>Silver</colordiffuse>
              <texture>$INFO[ListItem.VideoResolution,badges/video/,.png]</texture>
            </control>
            <control type="image">
              <visible>!IsEmpty(ListItem.VideoCodec)</visible>
              <height>50</height>
              <width>130</width>
              <bordersize>3</bordersize>
              <aspectratio>keep</aspectratio>
              <colordiffuse>Silver</colordiffuse>
              <texture>$INFO[ListItem.VideoCodec,badges/video/,.png]</texture>
            </control>
            <control type="image">
              <visible>!IsEmpty(ListItem.AudioChannels)</visible>
              <height>50</height>
              <width>130</width>
              <bordersize>3</bordersize>
              <aspectratio>keep</aspectratio>
              <colordiffuse>Silver</colordiffuse>
              <texture>$INFO[ListItem.AudioChannels,badges/channels,.png]</texture>
            </control>
            <control type="image">
              <visible>!IsEmpty(ListItem.AudioCodec)</visible>
              <height>50</height>
              <width>130</width>
              <bordersize>3</bordersize>
              <aspectratio>keep</aspectratio>
              <colordiffuse>Silver</colordiffuse>
              <texture>$INFO[ListItem.AudioCodec,badges/audio/,.png]</texture>
            </control>
            <control type="image">
             <height>50</height>
              <width>130</width>
              <bordersize>3</bordersize>
              <aspectratio>keep</aspectratio>
              <colordiffuse>Silver</colordiffuse>
              <texture>$INFO[ListItem.FileExtension,badges/video/,.png]</texture>
            </control>
          </control>
          <control type="label" description="Genre">
            <posy>470</posy>
            <font>size27</font>
            <width>1724</width>
            <height>50</height>
            <align>center</align>
            <label>[COLOR=Grey]$LOCALIZE[515]:[/COLOR] $INFO[ListItem.Genre]</label>
          </control>
        </control>
		
      </control>
		<include>Unwatched</include>
      <control type="scrollbar" id="60">
        <visible>true</visible>
        <animation effect="fade" delay="200" time="300">VisibleChange</animation>
        <posx>98</posx>
        <posy>1050</posy>
        <width>1725</width>
        <height>9</height>
        <onup>500</onup>
        <ondown>500</ondown>
        <orientation>horizontal</orientation>
        <texturesliderbackground border="6">Scrollbar/HScrollbarBG.png</texturesliderbackground>
        <texturesliderbar border="6">Scrollbar/HScrollerNF.png</texturesliderbar>
        <texturesliderbarfocus border="6">Scrollbar/HScrollerFO.png</texturesliderbarfocus>
        <pulseonselect>false</pulseonselect>
        <showonepage>false</showonepage>
      </control>
    </control>
    <control type="group">
      <control type="group" description="List">
        <visible>Control.IsVisible(51)</visible>
        <include>left_Panel_plain</include>
        <control type="group" description="Slider and List">
          <include>SlimListItemCount</include>
          <posx>1020</posx>
          <posy>141</posy>
          <include>SlimListSlider</include>
          <control type="fixedlist" id="51">
            <width>802</width>
            <height>891</height>
            <onleft condition="!Skin.HasSetting(ViewsMenuOff)">9000</onleft>
            <onleft condition="Skin.HasSetting(ViewsMenuOff)">-</onleft>
            <onright condition="Skin.HasSetting(Scrollbars_Active)">60</onright>
            <onright condition="!Skin.HasSetting(Scrollbars_Active)">-</onright>
            <onup>51</onup>
            <ondown>51</ondown>
            <pagecontrol>60</pagecontrol>
            <viewtype label="535">List</viewtype>
            <focusposition>5</focusposition>
            <movement>5</movement>
            <preloaditems>4</preloaditems>
            <scrolltime tween="sine" easing="inout">280</scrolltime>
            <itemlayout condition="SubString(Container.FolderPath,plugin://,left)" width="802" height="81">
              <control type="label" description="Main Label">
                <width>720</width>
                <include>52MainLabel</include>
                <label>$INFO[ListItem.Label]</label>
              </control>
            </itemlayout>
            <focusedlayout condition="SubString(Container.FolderPath,plugin://,left)" width="802" height="81">
              <control type="label" description="Main Label">
                <width>720</width>
                <include>52MainLabelFO</include>
                <label>$INFO[ListItem.Label]</label>
              </control>
            </focusedlayout>
            <itemlayout width="802" height="81">
              <include>Watched_Marks</include>
              <include>HD_Badge</include>
              <include>ArrowNF</include>
              <control type="label" description="Main Label">
                <visible>IntegerGreaterThan(ListItem.VideoResolution,700) | ListItem.IsFolder</visible>
                <include>52MainLabel</include>
                <label>$INFO[ListItem.Label]</label>
              </control>
              <control type="label" description="Main Label">
                <visible>![IntegerGreaterThan(ListItem.VideoResolution,700) | ListItem.IsFolder]</visible>
                <width>711</width>
                <include>52MainLabel</include>
                <label>$INFO[ListItem.Label]</label>
              </control>
              <control type="label" description="Label2">
                <visible>container.content(songs) | container.content(musicvideos)</visible>
                <include>52Label2</include>
                <label>$INFO[ListItem.Duration]</label>
              </control>
            </itemlayout>
            <focusedlayout width="802" height="81">
              <include>Watched_Marks</include>
              <include>HD_Badge</include>
              <include>ArrowFO</include>
              <control type="label" description="Main Label">
                <visible>IntegerGreaterThan(ListItem.VideoResolution,700) | ListItem.IsFolder</visible>
                <include>52MainLabelFO</include>
                <label>$INFO[ListItem.Label]</label>
              </control>
              <control type="label" description="Main Label">
                <visible>![IntegerGreaterThan(ListItem.VideoResolution,700) | ListItem.IsFolder]</visible>
                <width>711</width>
                <include>52MainLabelFO</include>
                <label>$INFO[ListItem.Label]</label>
              </control>
              <control type="label" description="Label2">
                <visible>container.content(songs) | container.content(musicvideos)</visible>
                <include>52Label2FO</include>
                <label>$INFO[ListItem.Duration]</label>
              </control>
            </focusedlayout>
          </control>
        </control>
        <include>ListFade</include>
        <control type="scrollbar" id="60">
          <posx>39r</posx>
          <posy>147</posy>
          <height>882</height>
          <onleft>51</onleft>
          <onright>-</onright>
        </control>
      </control>
    </control>
  </include>
</includes>
